MonoisotopicMass	InChI	SMILES	Identifier	InChIKey2	InChIKey1	MolecularFormula	kingdom_name	superclass_name	class_name	subclass_name
196.14632988	InChI=1S/C12H20O2/c1-10(2)6-5-7-11(3)8-9-14-12(4)13/h6,8H,5,7,9H2,1-4H3/b11-8+	CC(OC/C=C(C)/CCC=C(C)C)=O	Singab_001	DHZHZOJOSA	HIGQPQRQIQDZMP	C12H20O2				
154.135765196	InChI=1S/C10H18O/c1-9(2)8-4-6-10(3,11-9)7-5-8/h8H,4-7H2,1-3H3	CC1(O2)CCC(C2(C)C)CC1	Singab_002	UHFFFAOYSA	WEEGYLXZBRQIMU	C10H18O				
150.104465068	InChI=1S/C10H14O/c1-6-4-9(11)8-5-7(6)10(8,2)3/h4,7-8H,5H2,1-3H3	CC1=CC(C2C(C)(C)C1C2)=O	Singab_003	UHFFFAOYSA	DCSCXTJOXBUFGB	C10H14O				
152.120115132	InChI=1S/C10H16O/c1-9(2)7-4-5-10(3,6-7)8(9)11/h7H,4-6H2,1-3H3	CC(CCC1C2(C)C)(C1)C2=O	Singab_004	UHFFFAOYSA	LHXDLQBQYFFVNW	C10H16O				
272.25040102400004	InChI=1S/C20H32/c1-16(2)9-6-11-18(5)20-14-8-13-19(15-20)12-7-10-17(3)4/h9-10,13,20H,5-8,11-12,14-15H2,1-4H3	C=C(C(C1)CCC=C1CCC=C(C)C)CCC=C(C)C	Singab_005	UHFFFAOYSA	OIRFZVJHADZVMD	C20H32				
272.25040102400004	InChI=1S/C20H32/c1-16(2)8-6-10-18(5)20-14-12-19(13-15-20)11-7-9-17(3)4/h8-9,12,20H,5-7,10-11,13-15H2,1-4H3	CC(C)=CCCC1=CCC(C(CCC=C(C)C)=C)CC1	Singab_006	UHFFFAOYSA	GJYJYFHBOBUTBY	C20H32				
136.12520051200002	InChI=1S/C10H16/c1-5-10(4)8-6-7-9(2)3/h5,7H,1,4,6,8H2,2-3H3	C=CC(CCC=C(C)C)=C	Singab_007	UHFFFAOYSA	UAHWPYUMFXYFJY	C10H16				
136.12520051200002	InChI=1S/C10H16/c1-8(2)10-6-4-9(3)5-7-10/h4,10H,1,5-7H2,2-3H3	CC1=CCC(C(C)=C)CC1	Singab_008	UHFFFAOYSA	XMGQYMWWDOXHJM	C10H16				
136.12520051200002	InChI=1S/C10H16/c1-7-4-5-8-6-9(7)10(8,2)3/h4,8-9H,5-6H2,1-3H3/t8-,9-/m1/s1	CC1=CC[C@H]2C(C)(C)[C@@H]1C2	Singab_009	RKDXNWHRSA	GRWFGVWFFZKLTI	C10H16				
374.12129690399985	InChI=1S/C16H22O10/c17-3-6-1-2-7-8(14(22)23)5-24-15(10(6)7)26-16-13(21)12(20)11(19)9(4-18)25-16/h1,5,7,9-13,15-21H,2-4H2,(H,22,23)/t7-,9-,10-,11-,12+,13-,15+,16+/m1/s1	OCC1=CC[C@]2([H])C(C(O)=O)=CO[C@](O[C@@]3([H])[C@@](O)([H])[C@](O)([H])[C@@](O)([H])[C@@](O3)([H])CO)([H])[C@]12[H]	Singab_010	OGJQONSISA	ZJDOESGVOWAULF	C16H22O10				
362.12129690399985	InChI=1S/C15H22O10/c16-3-6-9(19)10(20)11(21)14(23-6)24-13-7-5(1-2-22-13)8(18)12-15(7,4-17)25-12/h1-2,5-14,16-21H,3-4H2/t5-,6-,7-,8+,9-,10+,11-,12+,13+,14+,15-/m1/s1	OC[C@]1([H])[C@](O)([H])[C@@](O)([H])[C@](O)([H])[C@@](O[C@@]2([H])[C@@]3([H])[C@@]([C@@](O)([H])[C@@](O4)([H])[C@@]34CO)([H])C=CO2)([H])O1	Singab_011	PZYDOOQISA	LHDWRKICQLTVDL	C15H22O10				
140.15650064	InChI=1S/C10H20/c1-8(2)10-6-4-9(3)5-7-10/h8-10H,4-7H2,1-3H3	CC1CCC(C(C)C)CC1	Singab_012	UHFFFAOYSA	CFJYNSNXFXLKNS	C10H20				
154.135765196	InChI=1S/C10H18O/c1-7(2)9-5-4-8(3)6-10(9)11/h7-9H,4-6H2,1-3H3/t8-,9-/m0/s1	O=C1[C@H](C(C)C)CC[C@H](C)C1	Singab_013	IUCAKERBSA	NFLGAXVYCFJBMK	C10H18O				
154.135765196	InChI=1S/C10H18O/c1-7(2)9-5-4-8(3)6-10(9)11/h7-9H,4-6H2,1-3H3/t8-,9+/m1/s1	C[C@H](CC[C@H]1C(C)C)CC1=O	Singab_014	BDAKNGLRSA	NFLGAXVYCFJBMK	C10H18O				
154.135765196	InChI=1S/C10H18O/c1-8-4-6-9(7-5-8)10(2,3)11/h4,9,11H,5-7H2,1-3H3/t9-/m1/s1	CC1=CC[C@@H](C(C)(O)C)CC1	Singab_015	SECBINFHSA	WUOACPNHFRMFPN	C10H18O				
152.120115132	InChI=1S/C10H16O/c1-7(2)9-5-4-8(3)6-10(9)11/h6-7,9H,4-5H2,1-3H3/t9-/m1/s1	CC(CC[C@@H]1C(C)C)=CC1=O	Singab_016	SECBINFHSA	YSTPAHQEHQSRJD	C10H16O				
136.12520051200002	InChI=1S/C10H16/c1-7-4-5-8-9(6-7)10(8,2)3/h4-5,7-9H,6H2,1-3H3	CC1C=CC(C2(C)C)C2C1	Singab_017	UHFFFAOYSA	LGNSZMLHOYDATP	C10H16				
136.12520051200002	InChI=1S/C10H16/c1-8(2)10-6-4-9(3)5-7-10/h4,6,8H,5,7H2,1-3H3	CC1=CC=C(C(C)C)CC1	Singab_018	UHFFFAOYSA	YHQGMYUVUMAZJR	C10H16	Organic compounds	Lipids and lipid-like molecules	Prenol lipids	Monoterpenoids
154.135765196	InChI=1S/C10H18O/c1-5-10(4,11)8-6-7-9(2)3/h5,7,11H,1,6,8H2,2-4H3	C=CC(C)(O)CCC=C(C)C	Singab_019	UHFFFAOYSA	CDOSHBSSFJOMGT	C10H18O				
154.135765196	InChI=1S/C10H18O/c1-8(2)9-4-6-10(3,11)7-5-9/h4,6,8-9,11H,5,7H2,1-3H3	OC1(C)C=CC(C(C)C)CC1	Singab_020	UHFFFAOYSA	IZXYHAXVIZHGJV	C10H18O				
250.15689456400003	InChI=1S/C15H22O3/c1-11(2)8-13(16)9-15(3)6-4-14(18-15)12-5-7-17-10-12/h5,7,10-11,14H,4,6,8-9H2,1-3H3/t14-,15?/m0/s1	CC1(CC(CC(C)C)=O)CC[C@](C2=COC=C2)([H])O1	Singab_021	MLCCFXAWSA	WOFDWNOSFDVCDF	C15H22O3				
250.15689456400003	InChI=1S/C15H22O3/c1-11(2)8-14(16)9-15(4,5)18-12(3)13-6-7-17-10-13/h6-8,10,12H,9H2,1-5H3/t12-/m0/s1	CC(CC(C=C(C)C)=O)(C)O[C@@](C1=COC=C1)([H])C	Singab_022	LBPRGKRZSA	ZEHVPRZFVWMSAA	C15H22O3				
248.14124449999997	InChI=1S/C15H20O3/c1-11(2)8-13(16)9-15(3)6-4-14(18-15)12-5-7-17-10-12/h5,7-8,10,14H,4,6,9H2,1-3H3/t14-,15-/m0/s1	C[C@@]1(CC(C=C(C)C)=O)CC[C@](C2=COC=C2)([H])O1	Singab_023	GJZGRUSLSA	QQYXBLIHHIHFCW	C15H20O3				
250.15689456400003	InChI=1S/C15H22O3/c1-11(2)8-14(16)9-12(3)4-5-15(17)13-6-7-18-10-13/h6-7,10-12H,4-5,8-9H2,1-3H3/t12-/m0/s1	O=C(CC(C)C)C[C@H](CCC(C1=COC=C1)=O)C	Singab_024	LBPRGKRZSA	IUEKVLLAZUXWTL	C15H22O3				
250.15689456400003	InChI=1S/C15H22O3/c1-11(2)8-14(16)9-12(3)4-5-15(17)13-6-7-18-10-13/h6-7,10-12H,4-5,8-9H2,1-3H3/t12-/m1/s1	O=C(CC(C)C)C[C@H](C)CCC(C1=COC=C1)=O	Singab_025	GFCCVEGCSA	IUEKVLLAZUXWTL	C15H22O3				
248.14124449999997	InChI=1S/C15H20O3/c1-11(2)8-14(16)9-12(3)4-5-15(17)13-6-7-18-10-13/h6-8,10,12H,4-5,9H2,1-3H3/t12-/m0/s1	O=C(C=C(C)C)C[C@@H](C)CCC(C1=COC=C1)=O	Singab_026	LBPRGKRZSA	TXLOBTVRMBXIAI	C15H20O3				
240.078644244	InChI=1S/C15H12O3/c1-11(4-3-5-13-6-7-17-10-13)8-14-9-12(2)15(16)18-14/h4,6-10H,1-2H3/b11-4+,14-8-	CC(/C=C1OC(C(C)=C\1)=O)=C\C#CC2=COC=C2	Singab_027	MWSDBODQSA	JETXPZHVLNJOBX	C15H12O3				
242.094294308	InChI=1S/C15H14O3/c1-11(4-3-5-13-6-7-17-10-13)8-14-9-12(2)15(16)18-14/h3-10H,1-2H3/b5-3+,11-4+,14-8-	CC(/C=C1OC(C(C)=C\1)=O)=C\C=C\C2=COC=C2	Singab_028	DHZDMUQRSA	FIVDHRODVKHDRC	C15H14O3				
246.12559443599997	InChI=1S/C15H18O3/c1-11(4-3-5-13-6-7-17-10-13)8-14-9-12(2)15(16)18-14/h4,6-7,9-10,14H,3,5,8H2,1-2H3/b11-4+	C/C(CC1OC(C(C)=C1)=O)=C\CCC2=COC=C2	Singab_029	NYYWCZLTSA	LMVBLGWKMLOBGT	C15H18O3				
248.14124449999997	InChI=1S/C15H20O3/c1-11(2)8-13-9-14(3)5-6-15(17-13,18-14)12-4-7-16-10-12/h4,7-8,10,13H,5-6,9H2,1-3H3/t13-,14-,15+/m1/s1	C[C@]12CC[C@@](O1)(O[C@@](C=C(C)C)([H])C2)C3=COC=C3	Singab_030	KFWWJZLASA	RQMUCZNIXXHSAS	C15H20O3				
218.16706532400002	InChI=1S/C15H22O/c1-13(2)6-4-7-14(3)8-5-9-15-10-11-16-12-15/h6,8,10-12H,4-5,7,9H2,1-3H3/b14-8+	C/C(CC([H])([H])C=C(C)C)=C\CCC1=COC=C1	Singab_031	RIYZIHGNSA	LZBXPXAOYQVZEC	C15H22O				
234.16197994400002	InChI=1S/C15H22O2/c1-12(2)9-15(16)10-13(3)5-4-6-14-7-8-17-11-14/h5,7-9,11,15-16H,4,6,10H2,1-3H3/b13-5+/t15-/m1/s1	C/C(C[C@]([H])(O)C=C(C)C)=C\CCC1=COC=C1	Singab_032	DTHCKZEYSA	MVZKYMKFORAEQU	C15H22O2				
232.14632988	InChI=1S/C15H20O2/c1-12(2)9-15(16)10-13(3)5-4-6-14-7-8-17-11-14/h7-11H,4-6H2,1-3H3/b13-10+	C/C(CCCC1=COC=C1)=C\C(C=C(C)C)=O	Singab_033	JLHYYAGUSA	KPYPPWAWICYALB	C15H20O2				
250.15689456400003	InChI=1S/C15H22O3/c1-10(2)7-15(17)8-11(3)6-13(15)14(16)12-4-5-18-9-12/h4-5,9-11,13,17H,6-8H2,1-3H3/t11-,13?,15+/m1/s1	CC(C)C[C@@]1(O)C(C(C2=COC=C2)=O)C[C@@H](C)C1	Singab_034	ZHOBSPGKSA	UKXCRZBNQMXXFP	C15H22O3				
250.15689456400003	InChI=1S/C15H22O3/c1-10(2)8-13(16)14-11(3)4-6-15(14,17)12-5-7-18-9-12/h5,7,9-11,14,17H,4,6,8H2,1-3H3/t11-,14?,15?/m0/s1	C[C@H]1CCC(C2=COC=C2)(O)C1C(CC(C)C)=O	Singab_035	QGLTVNCISA	PLJLLELLRWAYEB	C15H22O3				
248.14124449999997	InChI=1S/C15H20O3/c1-10(2)8-13(16)14-11(3)4-6-15(14,17)12-5-7-18-9-12/h5,7-9,11,14,17H,4,6H2,1-3H3/t11-,14?,15?/m0/s1	OC1(C2=COC=C2)C(C(C=C(C)C)=O)[C@@H](C)CC1	Singab_036	QGLTVNCISA	MZISRFGDZVZINJ	C15H20O3				
266.151809184	InChI=1S/C15H22O4/c1-14(2,17)8-12(16)9-15(3)6-4-13(19-15)11-5-7-18-10-11/h5,7,10,13,17H,4,6,8-9H2,1-3H3/t13?,15-/m1/s1	C[C@](O1)(CC(CC(C)(O)C)=O)CCC1C2=COC=C2	Singab_037	AWKYBWMHSA	VKXIAJHMDTZKJI	C15H22O4				
278.115423676	InChI=1S/C15H18O5/c1-9(4-13-5-10(2)15(18)20-13)3-12(16)6-11-7-14(17)19-8-11/h3,5,7,12-13,16H,4,6,8H2,1-2H3/b9-3+/t12-,13+/m0/s1	CC1=C[C@H](OC1=O)C/C(C)=C/[C@H](O)CC2=CC(OC2)=O	Singab_038	MBLMMOHHSA	PMUMBXYCXJAIFT	C15H18O5				
320.12598835999995	InChI=1S/C17H20O6/c1-10(4-14-6-11(2)17(20)23-14)5-15(22-12(3)18)7-13-8-16(19)21-9-13/h5-6,8,14-15H,4,7,9H2,1-3H3/b10-5+/t14-,15+/m1/s1	CC1=C[C@H](OC1=O)C/C(C)=C/[C@H](OC(C)=O)CC2=CC(OC2)=O	Singab_039	HOKBCBGSSA	YTQNOKOAXNFOOQ	C17H20O6				
262.120509056	InChI=1S/C15H18O4/c1-10(6-13-7-11(2)15(17)19-13)4-3-5-12-8-14(16)18-9-12/h4,7-8,13H,3,5-6,9H2,1-2H3/b10-4+/t13-/m1/s1	CC1=C[C@H](OC1=O)C/C(C)=C/C([H])CC2=CC(OC2)=O	Singab_040	MQSIBISMSA	HRKQHGYEXVCKAX	C15H18O4				
292.167459248	InChI=1S/C17H24O4/c1-12(2)8-16(21-14(4)18)9-13(3)6-5-7-15-10-17(19)20-11-15/h6,8,10,16H,5,7,9,11H2,1-4H3/b13-6+/t16-/m1/s1	CC(C)=C[C@@H](OC(C)=O)C/C(C)=C/CCC1=CC(OC1)=O	Singab_041	MSXUNZPYSA	XQRJJNVCCOFALB	C17H24O4				
220.182715388	InChI=1S/C15H24O/c1-10(2)12-8-14(16)13-7-5-6-11(3)15(13,4)9-12/h7,10-12H,5-6,8-9H2,1-4H3/t11-,12+,15+/m0/s1	O=C1C([H])[C@@H](C(C)C)C[C@]2(C)[C@@H](C)CCC=C21	Singab_042	YWPYICTPSA	YLUDWGONGNUKOM	C15H24O				
236.177630008	InChI=1S/C15H24O2/c1-9(2)11-8-15(4)10(3)6-5-7-12(15)14(17)13(11)16/h7,9-11,13,16H,5-6,8H2,1-4H3/t10-,11+,13?,15+/m0/s1	O=C1C(O)[C@@H](C(C)C)C[C@]2(C)[C@@H](C)CCC=C21	Singab_043	RDXWTLBHSA	VJOOCUDIJPWIBM	C15H24O2				
234.16197994400002	InChI=1S/C15H22O2/c1-10(9-16)12-7-14(17)13-6-4-5-11(2)15(13,3)8-12/h6,9-12H,4-5,7-8H2,1-3H3/t10-,11-,12+,15+/m0/s1	O=C1C[C@@H]([C@@H](C)C=O)C[C@]2(C)[C@@H](C)CCC=C21	Singab_044	UUIJZJDISA	CTFDAFOEUQBYST	C15H22O2				
234.16197994400002	InChI=1S/C15H22O2/c1-9(2)11-8-15(4)10(3)6-5-7-12(15)14(17)13(11)16/h10,17H,5-8H2,1-4H3/t10-,15+/m0/s1	C[C@H]([C@@]1(C)CC2=C(C)C)CCCC1=C(O)C2=O	Singab_045	ZUZCIYMTSA	PIGIXBXGOOKXOZ	C15H22O2				
218.16706532400002	InChI=1S/C15H22O/c1-10(2)13-9-15(4)11(3)6-5-7-12(15)8-14(13)16/h8,11H,5-7,9H2,1-4H3/t11-,15+/m0/s1	C[C@H]([C@@]1(C)CC2=C(C)C)CCCC1=CC2=O	Singab_046	XHDPSFHLSA	DZOKWSREAZGFFC	C15H22O				
218.16706532400002	InChI=1S/C15H22O/c1-10(2)12-8-14(16)13-7-5-6-11(3)15(13,4)9-12/h7,11-12H,1,5-6,8-9H2,2-4H3/t11-,12?,15+/m0/s1	CC(C(C1[H])C[C@]2(C)[C@@H](C)CCC=C2C1=O)=C	Singab_047	CPNOVKFWSA	BSUGIIZTULADOL	C15H22O				
232.14632988	InChI=1S/C15H20O2/c1-10(9-16)12-7-14(17)13-6-4-5-11(2)15(13,3)8-12/h6,9,11-12H,1,4-5,7-8H2,2-3H3/t11-,12?,15+/m0/s1	C[C@H]1CCC=C2[C@]1(C)CC(C(C=O)=C)C([H])C2=O	Singab_048	CPNOVKFWSA	FMPPGODTDPKBOG	C15H20O2				
234.16197994400002	InChI=1S/C15H22O2/c1-9(2)11-8-15(4)10(3)6-5-7-12(15)14(17)13(11)16/h7,10-11,13,16H,1,5-6,8H2,2-4H3/t10-,11?,13+,15+/m0/s1	CC(C([C@H]1O)C[C@]2(C)[C@@H](C)CCC=C2C1=O)=C	Singab_049	JBOMMDAWSA	XFRADCOKSLIXIG	C15H22O2				
234.16197994400002	InChI=1S/C15H22O2/c1-9(2)11-8-15(4)10(3)6-5-7-12(15)14(17)13(11)16/h5,7,10-13,16H,1,6,8H2,2-4H3/t10-,11?,12+,13+,15+/m0/s1	CC(C([C@H]1O)C[C@]2(C)[C@@H](C)CC=C[C@]2([H])C1=O)=C	Singab_050	VWXLFZPKSA	UALVHXGADCCBEW	C15H22O2				
218.16706532400002	InChI=1S/C15H22O/c1-10(2)12-8-14(16)13-7-5-6-11(3)15(13,4)9-12/h5,7,11-13H,1,6,8-9H2,2-4H3/t11-,12?,13+,15+/m0/s1	CC(C(C1[H])C[C@]2(C)[C@@H](C)CC=C[C@]2([H])C1=O)=C	Singab_051	JISICJPESA	CSROQEWHHKSXKD	C15H22O				
236.177630008	InChI=1S/C15H24O2/c1-9(2)11-8-15(4)10(3)6-5-7-12(15)14(17)13(11)16/h10-13,16H,1,5-8H2,2-4H3/t10-,11?,12?,13+,15+/m0/s1	CC(C([C@H]1O)C[C@]2(C)[C@@H](C)CCCC2C1=O)=C	Singab_052	JSIBDQRYSA	GNLGRODWPZFYCN	C15H24O2				
232.14632988	InChI=1S/C15H20O2/c1-9(2)11-8-15(4)10(3)6-5-7-12(15)14(17)13(11)16/h5,7,10,17H,6,8H2,1-4H3/t10-,15+/m0/s1	CC(C)=C1C[C@]2(C)[C@@H](C)CC=CC2=C(O)C1=O	Singab_053	ZUZCIYMTSA	IRTXMQLWUFCOHH	C15H20O2				
432.30283052	InChI=1S/C30H40O2/c1-18-13-14-28(4,21-15-25(31)23-11-7-9-19(2)29(23,5)16-21)26-22(18)17-30(6)20(3)10-8-12-24(30)27(26)32/h11-12,15,18-20H,7-10,13-14,16-17H2,1-6H3/t18-,19-,20-,28-,29+,30+/m0/s1	O=C(C1=CCC[C@H](C)[C@@]1(C)C2)C=C2[C@]3(C)CC[C@]([H])(C)C4=C3C(C5=CCC[C@H](C)[C@@]5(C)C4)=O	Singab_054	LJHMAHIOSA	GHHNJBMFMKFTAA	C30H40O2				
448.29774514	InChI=1S/C30H40O3/c1-18-9-7-11-21-24(31)15-20(16-28(18,21)4)27(3)13-14-30(6,33)23-17-29(5)19(2)10-8-12-22(29)26(32)25(23)27/h11-12,15,18-19,33H,7-10,13-14,16-17H2,1-6H3/t18-,19-,27-,28+,29+,30+/m0/s1	O=C(C1=CCC[C@H](C)[C@@]1(C)C2)C=C2[C@]3(C)CC[C@](O)(C)C4=C3C(C5=CCC[C@H](C)[C@@]5(C)C4)=O	Singab_055	CCUVYFSCSA	KCPLRCIBYNLYDH	C30H40O3				
222.19836545200002	InChI=1S/C15H26O/c1-11-6-5-8-15(4)9-7-12(10-13(11)15)14(2,3)16/h12-13,16H,1,5-10H2,2-4H3/t12-,13?,15-/m1/s1	C[C@@]12C(C[C@H](C(C)(O)C)CC2)C(CCC1)=C	Singab_056	ILWWEHDPSA	BOPIMTNSYWYZOC	C15H26O				
252.172544628	InChI=1S/C15H24O3/c1-9-5-10(16)7-15(4)8-13(17)12(6-11(9)15)14(2,3)18/h5,11-13,17-18H,6-8H2,1-4H3/t11?,12-,13-,15+/m0/s1	C[C@]1(C2)C(C[C@H](C(C)(O)C)[C@@H](O)C1)C(C)=CC2=O	Singab_057	ZBVJJQAHSA	MEPRCLDIBSGQBP	C15H24O3				
294.183109312	InChI=1S/C17H26O4/c1-10-6-12(19)8-17(5)9-15(21-11(2)18)14(7-13(10)17)16(3,4)20/h6,13-15,20H,7-9H2,1-5H3/t13?,14-,15-,17+/m0/s1	C[C@]1(C2)C(C[C@H](C(C)(O)C)[C@@H](OC(C)=O)C1)C(C)=CC2=O	Singab_058	LSSORACZSA	KGOSORCULHNMRS	C17H26O4				
252.172544628	InChI=1S/C15H24O3/c1-9-5-10(16)7-15(4)8-13(17)12(6-11(9)15)14(2,3)18/h5,11-13,17-18H,6-8H2,1-4H3/t11?,12-,13-,15+/m0/s1	C[C@]1(C2)C(C[C@H](C(C)(O)C)[C@@H](O)C1)C(C)=CC2=O	Singab_059	ZBVJJQAHSA	MEPRCLDIBSGQBP	C15H24O3				
202.17215070400002	InChI=1S/C15H22/c1-10(2)13-8-6-12(4)14-7-5-11(3)9-15(13)14/h5,7,9-10,12-13H,6,8H2,1-4H3/t12-,13-/m1/s1	[H]C1=CC2=C(C=C1C)[C@@H](C(C)C)CC[C@H]2C	Singab_060	CHWSQXEVSA	PGTJIOWQJWHTJJ	C15H22				
218.16706532400002	InChI=1S/C15H22O/c1-9(2)12-6-5-10(3)13-8-15(16)11(4)7-14(12)13/h7-10,12,16H,5-6H2,1-4H3/t10-,12-/m1/s1	OC1=CC2=C(C=C1C)[C@@H](C(C)C)CC[C@H]2C	Singab_061	ZYHUDNBSSA	UTBFITAKBXMXCZ	C15H22O				
238.19328007200002	InChI=1S/C15H26O2/c1-9(2)11-7-8-15(4,17)13-6-5-12(10(3)16)14(11)13/h9,11-14,17H,5-8H2,1-4H3/t11-,12+,13+,14+,15+/m1/s1	[H][C@@]12[C@](C(C)C)([H])CC[C@](C)(O)[C@@]1([H])CC[C@@]2([H])C(C)=O	Singab_062	QTVXIADOSA	WLXJHVQYKOJBBN	C15H26O2				
222.19836545200002	InChI=1S/C15H26O/c1-7-15(6)9-8-12(14(4,5)16)10-13(15)11(2)3/h7,12-13,16H,1-2,8-10H2,3-6H3/t12-,13+,15-/m1/s1	C=C[C@@]1(C)[C@](C[C@@](C(C)(O)C)([H])CC1)([H])C(C)=C	Singab_063	VNHYZAJKSA	GFJIQNADMLPFOW	C15H26O				
220.182715388	InChI=1S/C15H24O/c1-9-5-6-11-13(14(11,2)3)12-10(9)7-8-15(12,4)16/h10-13,16H,1,5-8H2,2-4H3/t10-,11-,12+,13-,15-/m0/s1	C=C1CC[C@H]2[C@H](C2(C)C)[C@@]3([H])[C@@]1([H])CC[C@@]3(O)C	Singab_064	AIUMHDJVSA	FRMCCTDTYSRUBE	C15H24O				
250.15689456400003	InChI=1S/C15H22O3/c1-9-3-5-13(10(2)8-16)14-7-11(15(17)18)4-6-12(9)14/h7,9,12-14,16H,2-6,8H2,1H3,(H,17,18)/t9-,12-,13-,14+/m1/s1	OCC([C@@]1([H])CC[C@](C)([H])[C@]2([H])[C@]1([H])C=C(C(O)=O)CC2)=C	Singab_065	JXJLXUTGSA	JSCXVSJJZJIGJC	C15H22O3				
250.15689456400003	InChI=1S/C15H22O3/c1-9(2)11-6-7-15(3,18)13-5-4-10(14(16)17)8-12(11)13/h8,11-13,18H,1,4-7H2,2-3H3,(H,16,17)/t11-,12-,13+,15+/m1/s1	[H]CC([C@@]1([H])CC[C@](C)(O)[C@]2([H])[C@]1([H])C=C(C(O)=O)CC2)=C	Singab_066	CXTNEJHOSA	QUPLAPOBHQBQFA	C15H22O3				
250.15689456400003	InChI=1S/C15H22O3/c1-9-3-5-13(10(2)8-16)14-7-11(15(17)18)4-6-12(9)14/h7,9,12-14,16H,2-6,8H2,1H3,(H,17,18)/t9-,12-,13+,14-/m1/s1	OCC([C@]1([H])CC[C@](C)([H])[C@]2([H])[C@@]1([H])C=C(C(O)=O)CC2)=C	Singab_067	WBMYTEFPSA	JSCXVSJJZJIGJC	C15H22O3				
250.15689456400003	InChI=1S/C15H22O3/c1-9-3-6-13(15(2)8-18-15)12-7-10(14(16)17)4-5-11(9)12/h7,9,11-13H,3-6,8H2,1-2H3,(H,16,17)/t9-,11-,12+,13+,15+/m1/s1	[H][C@@]12[C@]([C@]3(C)CO3)([H])CC[C@](C)([H])[C@@]1([H])CCC(C(O)=O)=C2	Singab_068	PYISLEMLSA	LXFBRFZAHBFSRO	C15H22O3				
252.172544628	InChI=1S/C15H24O3/c1-9-3-5-13(10(2)8-16)14-7-11(15(17)18)4-6-12(9)14/h7,9-10,12-14,16H,3-6,8H2,1-2H3,(H,17,18)/t9-,10+,12-,13-,14+/m1/s1	OC[C@H](C)[C@@]1([H])CC[C@](C)([H])[C@]2([H])[C@]1([H])C=C(C(O)=O)CC2	Singab_069	ZJMQZLNVSA	YIHMBRXHQJWKMY	C15H24O3				
222.19836545200002	InChI=1S/C15H26O/c1-10-5-6-12-13(2,3)14(4,16)11-7-8-15(10,12)9-11/h10-12,16H,5-9H2,1-4H3/t10-,11+,12+,14+,15-/m1/s1	CC1(C)[C@@](C)(O)[C@]2([H])C[C@]3(CC2)[C@@](C)([H])CC[C@]31[H]	Singab_070	FUQNVFFISA	IJVXAOHQRPSJDV	C15H26O				
222.19836545200002	InChI=1S/C15H26O/c1-10-5-6-11-13(2,3)12(16)14(4)7-8-15(10,11)9-14/h10-12,16H,5-9H2,1-4H3/t10-,11+,12-,14+,15-/m1/s1	CC1(C)[C@@]([H])(O)[C@]2(C)C[C@]3(CC2)[C@@](C)([H])CC[C@]31[H]	Singab_071	FMKNKJFCSA	UQKRCCOELQIGCU	C15H26O				
220.182715388	InChI=1S/C15H24O/c1-10-5-6-11-13(2,3)12(16)14(4)7-8-15(10,11)9-14/h10-11H,5-9H2,1-4H3/t10-,11+,14+,15-/m1/s1	CC([C@@]1([H])[C@@]2(CC3)[C@@](C)([H])CC1)(C)C([C@]3(C)C2)=O	Singab_072	FDRIWYBQSA	FKIMAXRXZJXZBA	C15H24O				
204.187800768	InChI=1S/C15H24/c1-10-5-6-13-14(3,4)11(2)12-7-8-15(10,13)9-12/h10,12-13H,2,5-9H2,1,3-4H3/t10-,12+,13+,15-/m1/s1	CC([C@@]1([H])[C@@]2(CC3)[C@@](C)([H])CC1)(C)C([C@]3([H])C2)=C	Singab_073	GVUJHPQVSA	RFSYBMDOYOBTCL	C15H24				
350.20932405999986	InChI=1S/C20H30O5/c1-15(7-4-10-17(3)14-21)8-5-11-18(20(24)25)12-6-9-16(2)13-19(22)23/h8,10,12-13,21H,4-7,9,11,14H2,1-3H3,(H,22,23)(H,24,25)/b15-8-,16-13-,17-10-,18-12+	C/C(CC/C=C(C(O)=O)\CC/C=C(C)\CC/C=C(C[H])\CO)=C/C(O)=O	Singab_074	NHJMLNGISA	FGJWXLZRPBWZLH	C20H30O5				
392.2198887439999	InChI=1S/C22H32O6/c1-16(8-5-11-18(3)15-28-19(4)23)9-6-12-20(22(26)27)13-7-10-17(2)14-21(24)25/h9,11,13-14H,5-8,10,12,15H2,1-4H3,(H,24,25)(H,26,27)/b16-9-,17-14-,18-11-,20-13+	C/C(CC/C=C(C(O)=O)\CC/C=C(C)\CC/C=C(C[H])\COC(C)=O)=C/C(O)=O	Singab_075	BKFVRXMWSA	UDSWLPCGQHUWPG	C22H32O6				
350.20932405999986	InChI=1S/C20H30O5/c1-15(7-4-10-17(3)14-21)8-5-11-18(20(24)25)12-6-9-16(2)13-19(22)23/h8,10,12-13,21H,4-7,9,11,14H2,1-3H3,(H,22,23)(H,24,25)/b15-8-,16-13-,17-10+,18-12+	C/C(CC/C=C(C(O)=O)\CC/C=C(C)\CC/C=C(CO)\C[H])=C/C(O)=O	Singab_076	DUKFWREOSA	FGJWXLZRPBWZLH	C20H30O5				
392.2198887439999	InChI=1S/C22H32O6/c1-16(8-5-11-18(3)15-28-19(4)23)9-6-12-20(22(26)27)13-7-10-17(2)14-21(24)25/h9,11,13-14H,5-8,10,12,15H2,1-4H3,(H,24,25)(H,26,27)/b16-9-,17-14-,18-11+,20-13+	C/C(CC/C=C(C(O)=O)\CC/C=C(C)\CC/C=C(COC(C)=O)\C[H])=C/C(O)=O	Singab_077	BBTAICMCSA	UDSWLPCGQHUWPG	C22H32O6				
364.188588616	InChI=1S/C20H28O6/c1-14(7-4-10-16(3)19(23)24)8-5-11-17(20(25)26)12-6-9-15(2)13-18(21)22/h8,10,12-13H,4-7,9,11H2,1-3H3,(H,21,22)(H,23,24)(H,25,26)/b14-8-,15-13-,16-10+,17-12+	C/C(CC/C=C(C(O)=O)\CC/C=C(C)\CC/C=C(C(O)=O)\C)=C/C(O)=O	Singab_078	JWJSHEPOSA	DOUOWDGCUAHCAZ	C20H28O6				
364.1885886159999	InChI=1S/C20H28O6/c1-14(7-4-10-16(3)19(23)24)8-5-11-17(20(25)26)12-6-9-15(2)13-18(21)22/h8,10,12-13H,4-7,9,11H2,1-3H3,(H,21,22)(H,23,24)(H,25,26)/b14-8-,15-13-,16-10-,17-12+	C/C(CC/C=C(C(O)=O)\CC/C=C(C)\CC/C=C(C)\C(O)=O)=C/C(O)=O	Singab_079	OJJAVKTMSA	DOUOWDGCUAHCAZ	C20H28O6				
378.16785317199987	InChI=1S/C20H26O7/c1-14(12-18(22)23)6-3-10-17(20(26)27)11-5-9-16(13-21)8-4-7-15(2)19(24)25/h7,9-10,12-13H,3-6,8,11H2,1-2H3,(H,22,23)(H,24,25)(H,26,27)/b14-12-,15-7+,16-9+,17-10+	C/C(CC/C=C(C(O)=O)\CC/C=C(C=O)\CC/C=C(C(O)=O)\C)=C/C(O)=O	Singab_080	GRGADNJKSA	QJLUTFRMFHSZFT	C20H26O7				
394.1627677919999	InChI=1S/C20H26O8/c1-13(12-17(21)22)6-3-8-15(19(25)26)10-5-11-16(20(27)28)9-4-7-14(2)18(23)24/h7-8,11-12H,3-6,9-10H2,1-2H3,(H,21,22)(H,23,24)(H,25,26)(H,27,28)/b13-12-,14-7+,15-8+,16-11+	C/C(CC/C=C(C(O)=O)\CC/C=C(C(O)=O)\CC/C=C(C(O)=O)\C)=C/C(O)=O	Singab_081	HJUAVKHCSA	BNNAXEXIJMIWBU	C20H26O8				
364.188588616	InChI=1S/C20H28O6/c1-14(7-4-9-15(2)13-18(21)22)8-5-11-17(20(25)26)12-6-10-16(3)19(23)24/h7,10-11,13H,4-6,8-9,12H2,1-3H3,(H,21,22)(H,23,24)(H,25,26)/b14-7-,15-13+,16-10+,17-11+	C/C(CC/C=C(C(O)=O)\CC/C=C(C(O)=O)\C)=C/CC/C(C)=C/C(O)=O	Singab_082	KYRLAORXSA	JRUQJLRGSUKIOZ	C20H28O6				
366.20423868	InChI=1S/C20H30O6/c1-14(7-4-9-15(2)13-18(21)22)8-5-11-17(20(25)26)12-6-10-16(3)19(23)24/h7,10-11,15H,4-6,8-9,12-13H2,1-3H3,(H,21,22)(H,23,24)(H,25,26)/b14-7-,16-10+,17-11+/t15-/m0/s1	C/C(CC/C=C(C(O)=O)\CC/C=C(C(O)=O)\C)=C/CC[C@]([H])(C)CC(O)=O	Singab_083	KMTIQQNISA	YOCNGOPFSFESKW	C20H30O6				
350.20932405999986	InChI=1S/C20H30O5/c1-15(7-4-9-16(2)13-19(22)23)8-5-11-18(14-21)12-6-10-17(3)20(24)25/h7,10-11,14,16H,4-6,8-9,12-13H2,1-3H3,(H,22,23)(H,24,25)/b15-7-,17-10+,18-11+/t16-/m0/s1	C/C(CC/C=C(C=O)\CC/C=C(C(O)=O)\C)=C/CC[C@]([H])(C)CC(O)=O	Singab_084	YFYXGPQCSA	NYZJATBHVOLYDT	C20H30O5				
306.255880328	InChI=1S/C20H34O2/c1-15-8-6-9-16(2)11-12-17-14-18(22-19(17,3)4)20(5,21)13-7-10-15/h9-10,17-18,21H,6-8,11-14H2,1-5H3/b15-10-,16-9-/t17-,18+,20-/m1/s1	C/C1=C/CC/C(C)=C\CC[C@@](C)(O)[C@](OC2(C)C)([H])C[C@@]2([H])CC1	Singab_085	QZDLPARBSA	AEOLSMNNJGDCRT	C20H34O2				
350.2093240600001	InChI=1S/C20H30O5/c1-13-6-4-7-14(18(21)22)8-5-9-16(19(23)24)17-12-15(11-10-13)20(2,3)25-17/h6,8,15-17H,4-5,7,9-12H2,1-3H3,(H,21,22)(H,23,24)/b13-6-,14-8+/t15-,16+,17-/m1/s1	C/C1=C/CC/C(C(O)=O)=C\CC[C@]([H])(C(O)=O)[C@@](OC2(C)C)([H])C[C@@]2([H])CC1	Singab_086	YKVNZABKSA	YMAMTFHYMPGPGD	C20H30O5				
378.240624188	InChI=1S/C22H34O5/c1-15-8-6-9-16(20(23)25-4)10-7-11-18(21(24)26-5)19-14-17(13-12-15)22(2,3)27-19/h8,10,17-19H,6-7,9,11-14H2,1-5H3/b15-8-,16-10+/t17-,18+,19-/m1/s1	C/C1=C/CC/C(C(OC)=O)=C\CC[C@]([H])(C(OC)=O)[C@@](OC2(C)C)([H])C[C@@]2([H])CC1	Singab_087	LPKJEERPSA	UIOPZIKIYCIVFP	C22H34O5				
334.21440944	InChI=1S/C20H30O4/c1-14-6-4-7-15(13-21)8-5-9-17(19(22)23)18-12-16(11-10-14)20(2,3)24-18/h6,8,13,16-18H,4-5,7,9-12H2,1-3H3,(H,22,23)/b14-6-,15-8+/t16-,17+,18-/m1/s1	C/C1=C/CC/C(C=O)=C\CC[C@]([H])(C(O)=O)[C@@](OC2(C)C)([H])C[C@@]2([H])CC1	Singab_088	OARQGSPZSA	QXVKGHACURAACX	C20H30O4				
406.23553880800006	InChI=1S/C23H34O6/c1-16-6-4-7-17(14-24)8-5-9-18(15-28-22(27)13-21(25)26)20-12-19(11-10-16)23(2,3)29-20/h6,8,14,18-20H,4-5,7,9-13,15H2,1-3H3,(H,25,26)/b16-6-,17-8+/t18-,19-,20-/m1/s1	C/C1=C/CC/C(C=O)=C\CC[C@]([H])(COC(CC(O)=O)=O)[C@@](OC2(C)C)([H])C[C@@]2([H])CC1	Singab_089	IYHFWOMWSA	AMYIYXBGBJBWSI	C23H34O6				
320.235144884	InChI=1S/C20H32O3/c1-15-6-4-7-16(13-21)8-5-9-17(14-22)19-12-18(11-10-15)20(2,3)23-19/h6,8,13,17-19,22H,4-5,7,9-12,14H2,1-3H3/b15-6-,16-8+/t17-,18-,19-/m1/s1	C/C1=C/CC/C(C=O)=C\CC[C@]([H])(CO)[C@@](OC2(C)C)([H])C[C@@]2([H])CC1	Singab_090	NCJORANTSA	OCMSXDINEKCCAU	C20H32O3				
378.240624188	InChI=1S/C22H34O5/c1-15-7-5-8-17(21(24)25)9-6-10-18(14-26-16(2)23)20-13-19(12-11-15)22(3,4)27-20/h7,9,18-20H,5-6,8,10-14H2,1-4H3,(H,24,25)/b15-7-,17-9+/t18-,19-,20-/m1/s1	C/C1=C/CC/C(C(O)=O)=C\CC[C@]([H])(COC(C)=O)[C@@](OC2(C)C)([H])C[C@@]2([H])CC1	Singab_091	VWCQSFPUSA	LYUVZMPVVMNJTM	C22H34O5				
320.235144884	InChI=1S/C20H32O3/c1-14-7-5-8-15(2)11-12-16-13-18(23-20(16,3)4)17(19(21)22)10-6-9-14/h8-9,16-18H,5-7,10-13H2,1-4H3,(H,21,22)/b14-9-,15-8-/t16-,17+,18-/m1/s1	C/C1=C/CC/C(C)=C\CC[C@]([H])(C(O)=O)[C@@](OC2(C)C)([H])C[C@@]2([H])CC1	Singab_092	ROBXYXLOSA	VDLPWIMNANCAAQ	C20H32O3				
326.28209507599996	InChI=1S/C20H38O3/c1-16-6-4-7-17(14-21)8-5-9-18(15-22)11-13-19(12-10-16)20(2,3)23/h6,17-19,21-23H,4-5,7-15H2,1-3H3/b16-6-/t17-,18-,19+/m0/s1	C/C(CC[C@](C(C)(O)C)([H])CC([H])[C@@]([H])(CO)CCC1)=C/CC[C@@H]1CO	Singab_093	ZANCARBKSA	IMYZDXCIXGESSX	C20H38O3				
308.271530392	InChI=1S/C20H36O2/c1-16-7-5-9-18(15-21)10-6-8-17(2)12-14-19(13-11-16)20(3,4)22/h7,12,18-19,21-22H,5-6,8-11,13-15H2,1-4H3/b16-7-,17-12-/t18?,19-/m1/s1	C/C1=C/CCC(CO)CCC/C(C)=C\C[C@@](C(C)(O)C)([H])CC1	Singab_094	LFTXTZGGSA	KCSUIVRQJRNHRF	C20H36O2				
306.255880328	InChI=1S/C20H34O2/c1-16-7-5-9-18(15-21)10-6-8-17(2)12-14-19(13-11-16)20(3,4)22/h7,10,12,19,21-22H,5-6,8-9,11,13-15H2,1-4H3/b16-7-,17-12-,18-10+/t19-/m1/s1	C/C1=C/CC/C(CO)=C\CC/C(C)=C\C[C@@](C(C)(O)C)([H])CC1	Singab_095	NVEMBHIFSA	WTYFBWVPJWAKKV	C20H34O2				
318.21949482	InChI=1S/C20H30O3/c1-13(2)6-5-7-16(20(21)22)12-17-11-15(4)18-9-8-14(3)10-19(18)23-17/h6,10,12,15,17-19H,5,7-9,11H2,1-4H3,(H,21,22)/b16-12+/t15-,17-,18-,19-/m1/s1	CC(C)=CCC/C(C(O)=O)=C\[C@@]1([H])C[C@](C)([H])[C@](CCC(C)=C2)([H])[C@]2([H])O1	Singab_096	HEGQRMIZSA	KGFSIUAWNYADAC	C20H30O3				
318.21949482	InChI=1S/C20H30O3/c1-13(2)6-5-7-16(20(21)22)9-11-18-15(4)17-10-8-14(3)12-19(17)23-18/h6,9,12,15,17-19H,5,7-8,10-11H2,1-4H3,(H,21,22)/b16-9+/t15-,17+,18+,19+/m0/s1	CC(C)=CCC/C(C(O)=O)=C\C[C@](O1)([H])[C@@]([H])(C)[C@]2([H])[C@@]1([H])C=C(C)CC2	Singab_097	IELBLNKXSA	VSUMTMMRZTVYBL	C20H30O3				
378.240624188	InChI=1S/C22H34O5/c1-15(2)7-6-8-19(21(24)25)14-20(27-17(4)23)13-16(3)18-9-11-22(5,26)12-10-18/h7,9,11,14,16,18,20,26H,6,8,10,12-13H2,1-5H3,(H,24,25)/b19-14+/t16-,18-,20-,22-/m1/s1	CC(C)=CCC/C(C(O)=O)=C\[C@]([H])(OC(C)=O)C[C@](C)([H])[C@]1([H])C=C[C@@](C)(O)CC1	Singab_098	SJYGYURRSA	SXVJMKQNUYLIKJ	C22H34O5				
374.20932405999986	InChI=1S/C22H30O5/c1-13(2)6-5-7-14(3)18-9-8-16(12-27-15(4)23)21-19(18)10-17(22(25)26)11-20(21)24/h10-11,14,16,18,24H,1,5-9,12H2,2-4H3,(H,25,26)/t14-,16-,18-/m0/s1	C=C(CCC[C@@](C)([H])[C@]1([H])CC[C@@]([H])(COC(C)=O)C2=C1C=C(C(O)=O)C=C2O)C	Singab_099	ZVZYQTTQSA	MAUMXXFBPQHAQQ	C22H30O5				
348.1936739959999	InChI=1S/C20H28O5/c1-11(2)17(22)7-4-12(3)15-6-5-13(10-21)19-16(15)8-14(20(24)25)9-18(19)23/h8-9,11-13,15,21,23H,4-7,10H2,1-3H3,(H,24,25)/t12-,13-,15-/m0/s1	CC(C)C(CC[C@@](C)([H])[C@]1([H])CC[C@@]([H])(CO)C2=C1C=C(C(O)=O)C=C2O)=O	Singab_100	YDHLFZDLSA	PDZOLODXNDMEHY	C20H28O5				
332.19875937599994	InChI=1S/C20H28O4/c1-12(11-21)5-4-6-13(2)16-8-7-14(3)19-17(16)9-15(20(23)24)10-18(19)22/h5,9-10,13-14,16,21-22H,4,6-8,11H2,1-3H3,(H,23,24)/b12-5+/t13-,14+,16-/m0/s1	C/C(CO)=C\CC[C@@](C)([H])[C@]1([H])CC[C@@]([H])(C)C2=C1C=C(C(O)=O)C=C2O	Singab_101	RBYVDDFWSA	NXCRMGUYKIJISM	C20H28O4				
374.20932405999986	InChI=1S/C22H30O5/c1-13(12-27-16(4)23)6-5-7-14(2)18-9-8-15(3)21-19(18)10-17(22(25)26)11-20(21)24/h6,10-11,14-15,18,24H,5,7-9,12H2,1-4H3,(H,25,26)/b13-6+/t14-,15+,18-/m0/s1	C/C(COC(C)=O)=C\CC[C@@](C)([H])[C@]1([H])CC[C@@]([H])(C)C2=C1C=C(C(O)=O)C=C2O	Singab_102	AJUDGFKXSA	LKGUYMHAHNYEFU	C22H30O5				
302.2245802	InChI=1S/C20H30O2/c1-13(2)6-5-7-14(3)17-9-8-15(4)20-18(17)10-16(12-21)11-19(20)22/h6,10-11,14-15,17,21-22H,5,7-9,12H2,1-4H3/t14-,15+,17-/m0/s1	CC(C)=CCC[C@@](C)([H])[C@]1([H])CC[C@@]([H])(C)C2=C1C=C(CO)C=C2O	Singab_103	UXLLHSPISA	IYEASKNQCFYZNW	C20H30O2				
402.24062418799986	InChI=1S/C23H34O3.CO2/c1-14(2)8-7-9-15(3)20-10-16(4)17(5)23-21(20)11-19(12-22(23)25)13-26-18(6)24;2-1-3/h8,11-12,15-17,20,25H,7,9-10,13H2,1-6H3;/t15-,16?,17+,20-;/m0./s1	CC(C)=CCC[C@@](C)([H])[C@]1([H])CC(C)[C@@]([H])(C)C2=C1C=C(COC(C)=O)C=C2O.O=C=O	Singab_104	KUAKBCMKSA	PTEIXAGORRJGQY	C24H34O5				
316.20384475599997	InChI=1S/C20H28O3/c1-12(2)6-5-7-13(3)16-9-8-14(4)19-17(16)10-15(20(22)23)11-18(19)21/h6,10-11,13-14,16,21H,5,7-9H2,1-4H3,(H,22,23)/t13-,14+,16-/m0/s1	CC(C)=CCC[C@@](C)([H])[C@]1([H])CC[C@@]([H])(C)C2=C1C=C(C(O)=O)C=C2O	Singab_105	LZWOXQAQSA	CKNOKJMGWBUQGL	C20H28O3				
332.19875937599994	InChI=1S/C20H28O4/c1-12(2)5-4-6-13(3)16-8-7-14(11-21)19-17(16)9-15(20(23)24)10-18(19)22/h5,9-10,13-14,16,21-22H,4,6-8,11H2,1-3H3,(H,23,24)/t13-,14-,16-/m0/s1	CC(C)=CCC[C@@](C)([H])[C@]1([H])CC[C@@]([H])(CO)C2=C1C=C(C(O)=O)C=C2O	Singab_106	DZKIICNBSA	WPAIYQYGYZEDNV	C20H28O4				
416.2198887439999	InChI=1S/C24H32O6/c1-14(2)7-6-8-15(3)20-10-9-18(13-29-16(4)25)23-21(20)11-19(24(27)28)12-22(23)30-17(5)26/h7,11-12,15,18,20H,6,8-10,13H2,1-5H3,(H,27,28)/t15-,18-,20-/m0/s1	CC(C)=CCC[C@@](C)([H])[C@]1([H])CC[C@@]([H])(COC(C)=O)C2=C1C=C(C(O)=O)C=C2OC(C)=O	Singab_107	QSFXBCCZSA	KUKYWGGLHCZNPB	C24H32O6				
318.21949482	InChI=1S/C20H30O3/c1-12(2)6-5-7-13(3)16-9-8-15(11-21)18-17(16)10-14(4)19(22)20(18)23/h6,10,13,15-16,21-23H,5,7-9,11H2,1-4H3/t13-,15-,16-/m0/s1	CC(C)=CCC[C@@](C)([H])[C@]1([H])CC[C@@]([H])(CO)C2=C1C=C(C)C(O)=C2O	Singab_108	BPUTZDHNSA	LWFPJVMLFNTYQP	C20H30O3				
334.21440943999994	InChI=1S/C20H30O4/c1-11(2)6-5-7-12(3)14-9-17(22)16(10-21)18-15(14)8-13(4)19(23)20(18)24/h6,8,12,14,16-17,21-24H,5,7,9-10H2,1-4H3/t12-,14-,16+,17?/m0/s1	CC(C)=CCC[C@@](C)([H])[C@]1([H])CC(O)[C@@]([H])(CO)C2=C1C=C(C)C(O)=C2O	Singab_109	VHLHTGHSSA	ZBGOKIQGJBSXMG	C20H30O4				
318.21949482	InChI=1S/C20H30O3/c1-12(2)6-5-7-14(4)15-10-18(22)17(11-21)20-16(15)8-13(3)9-19(20)23/h6,8-9,14-15,17-18,21-23H,5,7,10-11H2,1-4H3/t14-,15-,17+,18?/m0/s1	CC(C)=CCC[C@@](C)([H])[C@]1([H])CC(O)[C@@]([H])(CO)C2=C1C=C(C)C=C2O	Singab_110	XLHDVRGUSA	BTBIVCDYAGIOTQ	C20H30O3				
316.20384475599997	InChI=1S/C20H28O3/c1-12(2)6-5-7-15(11-21)16-9-8-13(3)18-17(22)10-14(4)20(23)19(16)18/h6,10-11,13,15-16,22-23H,5,7-9H2,1-4H3/t13-,15-,16+/m1/s1	CC(C)=CCC[C@]([H])(C=O)[C@]1([H])CC[C@@]([H])(C)C2=C1C(O)=C(C)C=C2O	Singab_111	BMFZPTHFSA	KBJIVBHZGMNPEZ	C20H28O3	Organic compounds	Lipids and lipid-like molecules	Prenol lipids	Diterpenoids
318.21949482	InChI=1S/C20H30O3/c1-13(2)5-4-6-14(3)17-8-7-16(12-22)20-18(17)9-15(11-21)10-19(20)23/h5,9-10,14,16-17,21-23H,4,6-8,11-12H2,1-3H3/t14-,16-,17-/m0/s1	CC(C)=CCC[C@@](C)([H])[C@]1([H])CC[C@@]([H])(CO)C2=C1C=C(CO)C=C2O	Singab_112	XIRDDKMYSA	ZSZNWYCFYXPPSL	C20H30O3				
302.2245802	InChI=1S/C20H30O2/c1-13(2)6-5-7-16(12-21)17-9-8-15(4)20-18(17)10-14(3)11-19(20)22/h6,10-11,15-17,21-22H,5,7-9,12H2,1-4H3/t15-,16-,17+/m1/s1	CC(C)=CCC[C@]([H])(CO)[C@]1([H])CC[C@@]([H])(C)C2=C1C=C(C)C=C2O	Singab_113	ZACQAIPSSA	MKLNOOOCCVNPCA	C20H30O2				
332.19875937599994	InChI=1S/C20H28O4/c1-11(2)6-5-7-12(3)18-15-9-14(20(23)24)10-17(22)19(15)13(4)8-16(18)21/h6,9-10,12-13,16,18,21-22H,5,7-8H2,1-4H3,(H,23,24)/t12-,13+,16?,18-/m0/s1	CC(C)=CCC[C@@](C)([H])[C@]1([H])C(O)C[C@@]([H])(C)C2=C1C=C(C(O)=O)C=C2O	Singab_114	NIIHXRBHSA	AJKOJRZSLOIVHU	C20H28O4				
374.20932405999986	InChI=1S/C22H30O5/c1-13(2)6-5-7-14(3)18-9-8-16(12-27-15(4)23)21-19(18)10-17(22(25)26)11-20(21)24/h6,10-11,14,16,18,24H,5,7-9,12H2,1-4H3,(H,25,26)/t14-,16-,18-/m0/s1	CC(C)=CCC[C@@](C)([H])[C@]1([H])CC[C@@]([H])(COC(C)=O)C2=C1C=C(C(O)=O)C=C2O	Singab_115	ZVZYQTTQSA	WWSLEIZYHDWGFE	C22H30O5				
332.19875937599994	InChI=1S/C20H28O4/c1-12(2)5-4-6-13(3)16-8-7-14(11-21)19-17(16)9-15(20(23)24)10-18(19)22/h5,9-10,13-14,16,21-22H,4,6-8,11H2,1-3H3,(H,23,24)/t13-,14-,16-/m0/s1	CC(C)=CCC[C@@](C)([H])[C@]1([H])CC[C@@]([H])(CO)C2=C1C=C(C(O)=O)C=C2O	Singab_116	DZKIICNBSA	WPAIYQYGYZEDNV	C20H28O4				
334.21440943999994	InChI=1S/C20H30O4/c1-11(2)6-5-7-12(3)17-15-8-13(4)19(23)20(24)18(15)14(10-21)9-16(17)22/h6,8,12,14,16-17,21-24H,5,7,9-10H2,1-4H3/t12-,14-,16?,17-/m0/s1	CC(C)=CCC[C@@](C)([H])[C@]1([H])C(O)C[C@@]([H])(CO)C2=C1C=C(C)C(O)=C2O	Singab_117	WEIRKQPPSA	IFLDGBYQZQEKOH	C20H30O4				
300.208930136	InChI=1S/C20H28O2/c1-13(2)6-5-7-14(3)17-10-8-15(4)18-11-9-16(20(21)22)12-19(17)18/h6,9,11-12,14-15,17H,5,7-8,10H2,1-4H3,(H,21,22)/t14-,15+,17-/m0/s1	CC(C)=CCC[C@@](C)([H])[C@]1([H])CC[C@@]([H])(C)C2=C1C=C(C(O)=O)C=C2	Singab_118	UXLLHSPISA	ODZQBEPDXUFJRX	C20H28O2				
318.21949482	InChI=1S/C20H30O3/c1-12(2)6-5-7-14(4)19-16-8-13(3)9-17(22)20(16)15(11-21)10-18(19)23/h6,8-9,14-15,18-19,21-23H,5,7,10-11H2,1-4H3/t14-,15-,18?,19-/m0/s1	CC(C)=CCC[C@@](C)([H])[C@]1([H])C(O)C[C@@]([H])(CO)C2=C1C=C(C)C=C2O	Singab_119	VSRCCCIBSA	XLAPEKIPYDGJDW	C20H30O3				
318.21949482	InChI=1S/C20H30O3/c1-12(2)6-5-7-14(4)19-16-8-13(3)9-17(22)20(16)15(11-21)10-18(19)23/h6,8-9,14-15,18-19,21-23H,5,7,10-11H2,1-4H3/t14-,15+,18?,19-/m0/s1	CC(C)=CCC[C@@](C)([H])[C@]1([H])C(O)C[C@H](CO)C2=C1C=C(C)C=C2O	Singab_120	VTLWGUCJSA	XLAPEKIPYDGJDW	C20H30O3				
366.20423867999983	InChI=1S/C20H30O6/c1-11(9-21)4-3-5-13(10-22)14-7-6-12(2)17-15(14)8-16(20(25)26)18(23)19(17)24/h8,11-14,21-24H,3-7,9-10H2,1-2H3,(H,25,26)/t11-,12+,13+,14-/m0/s1	C[C@](CCC[C@]([H])(CO)[C@]1([H])CC[C@](C)([H])C2=C1C=C(C(O)=O)C(O)=C2O)([H])CO	Singab_121	DGAVXFQQSA	HGCXADJLVLRMJH	C20H30O6				
408.2148033639999	InChI=1S/C22H32O7/c1-12(10-23)5-4-6-15(11-29-14(3)24)16-8-7-13(2)19-17(16)9-18(22(27)28)20(25)21(19)26/h9,12-13,15-16,23,25-26H,4-8,10-11H2,1-3H3,(H,27,28)/t12-,13+,15+,16-/m0/s1	C[C@](CCC[C@]([H])(COC(C)=O)[C@]1([H])CC[C@](C)([H])C2=C1C=C(C(O)=O)C(O)=C2O)([H])CO	Singab_122	XNISGKROSA	DUFZWMGCTWBGSH	C22H32O7				
450.2253680479998	InChI=1S/C24H34O8/c1-13(11-31-15(3)25)6-5-7-17(12-32-16(4)26)18-9-8-14(2)21-19(18)10-20(24(29)30)22(27)23(21)28/h10,13-14,17-18,27-28H,5-9,11-12H2,1-4H3,(H,29,30)/t13-,14+,17+,18-/m0/s1	C[C@](CCC[C@]([H])(COC(C)=O)[C@]1([H])CC[C@](C)([H])C2=C1C=C(C(O)=O)C(O)=C2O)([H])COC(C)=O	Singab_123	JFTQMJAMSA	FNALZPGMOSHKQW	C24H34O8				
318.21949482	InChI=1S/C20H30O3/c1-13(12-21)5-4-6-14(2)17-9-7-15(3)18-10-8-16(20(22)23)11-19(17)18/h8,10-11,13-15,17,21H,4-7,9,12H2,1-3H3,(H,22,23)/t13-,14-,15+,17-/m0/s1	C[C@](CCC[C@@](C)([H])[C@]1([H])CC[C@](C)([H])C2=C1C=C(C(O)=O)C=C2)([H])CO	Singab_124	MPTYRVRUSA	SURLSYNPMIBPJK	C20H30O3				
350.20932405999986	InChI=1S/C20H30O5/c1-11(10-21)5-4-6-12(2)14-8-7-13(3)17-15(14)9-16(20(24)25)18(22)19(17)23/h9,11-14,21-23H,4-8,10H2,1-3H3,(H,24,25)/t11-,12-,13+,14-/m0/s1	C[C@](CCC[C@@](C)([H])[C@]1([H])CC[C@](C)([H])C2=C1C=C(C(O)=O)C(O)=C2O)([H])CO	Singab_125	FQUUOJAGSA	LNVBQOJPDQKZTL	C20H30O5				
296.1412445	InChI=1S/C19H20O3/c1-11(2)6-4-7-13-10-22-19-12(3)17(20)18(21)15-9-5-8-14(13)16(15)19/h5-6,8-9,13H,4,7,10H2,1-3H3/t13-/m1/s1	CC(C)=CCC[C@@](C1=CC=CC(C2=O)=C1C3=C(C)C2=O)(CO3)[H]	Singab_126	CYBMUJFWSA	QJZOFSVFRGKNEJ	C19H20O3				
364.188588616	InChI=1S/C20H28O6/c1-10(8-21)4-3-5-12-9-26-19-15-13(12)7-6-11(2)14(15)17(22)18(23)16(19)20(24)25/h10-13,21-23H,3-9H2,1-2H3,(H,24,25)/t10-,11+,12+,13-/m0/s1	C[C@](CCC[C@]1([H])COC2=C(C(O)=O)C(O)=C(O)C3=C2[C@@]1([H])CC[C@]3(C)[H])([H])CO	Singab_127	LOWDOPEQSA	AETMSLJDWUEVIF	C20H28O6				
308.1412445	InChI=1S/C20H20O3/c1-11(2)6-5-7-14-10-23-20-13(4)18(21)19(22)16-12(3)8-9-15(14)17(16)20/h6,8-10H,5,7H2,1-4H3	CC(C)=CCCC1=COC(C2=C(C(C)=CC=C12)C3=O)=C(C)C3=O	Singab_128	UHFFFAOYSA	DSVUOBIQVPVZST	C20H20O3				
314.188194692	InChI=1S/C20H26O3/c1-10(2)7-13-8-12(4)14-6-5-11(3)17-16(21)9-15(20(22)23)18(13)19(14)17/h7,9,11-14,21H,5-6,8H2,1-4H3,(H,22,23)/t11-,12+,13-,14+/m1/s1	[H][C@@](C[C@]1(C=C(C)C)[H])(C)[C@]2([H])CC[C@@]([H])(C)C3=C2C1=C(C(O)=O)C=C3O	Singab_129	RQJABVFESA	DHRIKXYYWQLEMP	C20H26O3				
320.235144884	InChI=1S/C20H32O3/c1-13(2)6-5-7-14(3)17-9-8-15(4)20(17)11-10-16(19(22)23)18(21)12-20/h6,10,14-15,17-18,21H,5,7-9,11-12H2,1-4H3,(H,22,23)/t14-,15+,17-,18+,20+/m1/s1	CC(C)=CCC[C@@]([C@H]1CC[C@H](C)[C@@]12CC=C(C(O)=O)[C@@H](O)C2)([H])C	Singab_130	MEAOTZBNSA	KCRFVILSVQNHOR	C20H32O3				
320.235144884	InChI=1S/C20H32O3/c1-13(6-5-7-15(3)19(22)23)17-9-8-16(4)20(17)11-10-14(2)18(21)12-20/h7,10,13,16-18,21H,5-6,8-9,11-12H2,1-4H3,(H,22,23)/b15-7+/t13-,16+,17-,18+,20+/m1/s1	C/C(C(O)=O)=C\CC[C@@]([C@H]1CC[C@H](C)[C@@]12CC=C(C)[C@@H](O)C2)([H])C	Singab_131	NBOPCUGUSA	NCGFVCSHBVQLHK	C20H32O3				
350.24570956799994	InChI=1S/C21H34O4/c1-14(7-6-8-16(3)20(23)25-24-5)18-10-9-17(4)21(18)12-11-15(2)19(22)13-21/h8,11,14,17-19,22H,6-7,9-10,12-13H2,1-5H3/b16-8+/t14-,17+,18-,19+,21+/m1/s1	C/C(C(OOC)=O)=C\CC[C@@]([C@H]1CC[C@H](C)[C@@]12CC=C(C)[C@@H](O)C2)([H])C	Singab_132	NUBLFQMQSA	OZCIAKXVHJKFGS	C21H34O4				
336.23005950399994	InChI=1S/C20H32O4/c1-13(2)5-4-6-14(3)17-8-7-15(12-21)20(17)10-9-16(19(23)24)18(22)11-20/h5,9,14-15,17-18,21-22H,4,6-8,10-12H2,1-3H3,(H,23,24)/t14-,15-,17-,18+,20+/m1/s1	CC(C)=CCC[C@@]([C@H]1CC[C@H](CO)[C@@]12CC=C(C(O)=O)[C@@H](O)C2)([H])C	Singab_133	RLPRXVRJSA	RTALUIBJNFDBTC	C20H32O4				
320.235144884	InChI=1S/C20H32O3/c1-13(2)6-5-7-14(3)16-8-9-17(19(22)23)20(16)11-10-15(4)18(21)12-20/h6,10,14,16-18,21H,5,7-9,11-12H2,1-4H3,(H,22,23)/t14-,16-,17-,18+,20-/m1/s1	CC(C)=CCC[C@@]([C@H]1CC[C@H](C(O)=O)[C@@]12CC=C(C)[C@@H](O)C2)([H])C	Singab_134	ILCCUAOLSA	OVSJDDXJKMHRHM	C20H32O3				
338.24570956799994	InChI=1S/C20H34O4/c1-13(12-21)5-4-6-14(2)17-8-7-15(3)20(17)10-9-16(19(23)24)18(22)11-20/h9,13-15,17-18,21-22H,4-8,10-12H2,1-3H3,(H,23,24)/t13-,14+,15-,17+,18-,20-/m0/s1	C[C@](CCC[C@@]([C@H]1CC[C@H](C)[C@@]12CC=C(C(O)=O)[C@@H](O)C2)([H])C)([H])CO	Singab_135	WTLZTILXSA	WPEHANBMYIXAGR	C20H34O4				
308.271530392	InChI=1S/C20H36O2/c1-14(13-21)6-5-7-15(2)18-9-8-17(4)20(18)11-10-16(3)19(22)12-20/h10,14-15,17-19,21-22H,5-9,11-13H2,1-4H3/t14-,15+,17-,18+,19-,20-/m0/s1	C[C@](CCC[C@@]([C@H]1CC[C@H](C)[C@@]12CC=C(C)[C@@H](O)C2)([H])C)([H])CO	Singab_136	BVTPCJTOSA	RTPUPMHNIUUWNY	C20H36O2				
350.28209507599996	InChI=1S/C22H38O3/c1-15(14-25-19(5)23)7-6-8-16(2)20-10-9-18(4)22(20)12-11-17(3)21(24)13-22/h11,15-16,18,20-21,24H,6-10,12-14H2,1-5H3/t15-,16+,18-,20+,21-,22-/m0/s1	C[C@](CCC[C@@]([C@H]1CC[C@H](C)[C@@]12CC=C(C)[C@@H](O)C2)([H])C)([H])COC(C)=O	Singab_137	CBOKZWGASA	PHWZKSVZUYICPH	C22H38O3				
322.250794948	InChI=1S/C20H34O3/c1-13(6-5-7-15(3)19(22)23)17-9-8-16(4)20(17)11-10-14(2)18(21)12-20/h10,13,15-18,21H,5-9,11-12H2,1-4H3,(H,22,23)/t13-,15+,16+,17-,18+,20+/m1/s1	C[C@](CCC[C@@]([C@H]1CC[C@H](C)[C@@]12CC=C(C)[C@@H](O)C2)([H])C)([H])C(O)=O	Singab_138	AFCUOERTSA	OWGBXUKLLBFNCL	C20H34O3				
306.255880328	InChI=1S/C20H34O2/c1-14(13-21)6-5-7-15(2)18-9-8-17(4)20(18)11-10-16(3)19(22)12-20/h10,14-15,17-18,21H,5-9,11-13H2,1-4H3/t14-,15+,17-,18+,20-/m0/s1	C[C@](CCC[C@@]([C@H]1CC[C@H](C)[C@@]12CC=C(C)C(C2)=O)([H])C)([H])CO	Singab_139	HOXSDCPRSA	JHZMFZWUKUIIQH	C20H34O2				
320.235144884	InChI=1S/C20H32O3/c1-13(6-5-7-15(3)19(22)23)17-9-8-16(4)20(17)11-10-14(2)18(21)12-20/h10,13,15-17H,5-9,11-12H2,1-4H3,(H,22,23)/t13-,15+,16+,17-,20+/m1/s1	C[C@](CCC[C@@]([C@H]1CC[C@H](C)[C@@]12CC=C(C)C(C2)=O)([H])C)([H])C(O)=O	Singab_140	SDKGRYJGSA	GUUZVDQTHMDHEH	C20H32O3				
336.23005950399994	InChI=1S/C20H32O4/c1-12(2)17(21)8-5-13(3)16-7-6-14(4)20(16)10-9-15(19(23)24)18(22)11-20/h9,12-14,16,18,22H,5-8,10-11H2,1-4H3,(H,23,24)/t13-,14+,16-,18+,20+/m1/s1	CC(C(CC[C@@]([C@H]1CC[C@H](C)[C@@]12CC=C(C(O)=O)[C@@H](O)C2)([H])C)=O)C	Singab_141	XFRQQHDXSA	ANQTVOOODRDVGC	C20H32O4				
318.21949482	InChI=1S/C20H30O3/c1-13(6-5-7-15(3)19(22)23)17-9-8-16(4)20(17)11-10-14(2)18(21)12-20/h7,10,13,16-17H,5-6,8-9,11-12H2,1-4H3,(H,22,23)/b15-7+/t13-,16+,17-,20+/m1/s1	C/C(C(O)=O)=C\CC[C@@]([C@H]1CC[C@H](C)[C@@]12CC=C(C)C(C2)=O)([H])C	Singab_142	KQCTYSALSA	SEPSUUZKLHYARD	C20H30O3				
354.240624188	InChI=1S/C20H34O5/c1-12(2)17(22)7-4-13(3)16-6-5-14(11-21)20(16)9-8-15(19(24)25)18(23)10-20/h8,12-14,16-18,21-23H,4-7,9-11H2,1-3H3,(H,24,25)/t13-,14-,16-,17-,18+,20+/m1/s1	CC([C@H](O)CC[C@@]([C@H]1CC[C@H](CO)[C@@]12CC=C(C(O)=O)[C@@H](O)C2)([H])C)C	Singab_143	BTZOVSBKSA	LJPFMQDBAHKXFD	C20H34O5				
348.193673996	InChI=1S/C20H28O5/c1-12(4-3-5-13(2)18(21)22)16-7-6-14-11-25-17-10-20(14,16)9-8-15(17)19(23)24/h5,8,12,14,16-17H,3-4,6-7,9-11H2,1-2H3,(H,21,22)(H,23,24)/b13-5+/t12-,14-,16-,17-,20+/m1/s1	C/C(C(O)=O)=C\CC[C@@]([C@H]1CC[C@H](CO2)[C@@]13CC=C(C(O)=O)[C@H]2C3)([H])C	Singab_144	ILXNOSKCSA	HKRGZHQXLZVELC	C20H28O5				
320.235144884	InChI=1S/C20H32O3/c1-13(12-21)5-4-9-19(3)16-11-20(10-8-14(16)2)15(18(22)23)6-7-17(19)20/h8,13,15-17,21H,4-7,9-12H2,1-3H3,(H,22,23)/t13-,15-,16?,17+,19+,20+/m1/s1	C[C@@]([H])(CO)CCC[C@]1(C)[C@]2([H])CC[C@H](C(O)=O)[C@]23CC1C(C)=CC3	Singab_145	XDJVAKEHSA	CEHOPNRYQMPRON	C20H32O3				
334.21440944	InChI=1S/C20H30O4/c1-12-8-10-20-11-15(12)19(3,9-4-5-13(2)17(21)22)16(20)7-6-14(20)18(23)24/h8,13-16H,4-7,9-11H2,1-3H3,(H,21,22)(H,23,24)/t13-,14-,15?,16+,19+,20+/m1/s1	C[C@@]([H])(C(O)=O)CCC[C@]1(C)[C@]2([H])CC[C@H](C(O)=O)[C@]23CC1C(C)=CC3	Singab_146	SLTHCKNXSA	ORQNTXRUGFBPJG	C20H30O4				
346.21440943999994	InChI=1S/C21H30O4/c1-13-9-11-21-12-16(13)20(3,10-5-6-14(2)19(24)25-4)17(21)8-7-15(21)18(22)23/h6,9,15-17H,5,7-8,10-12H2,1-4H3,(H,22,23)/b14-6+/t15-,16?,17+,20+,21+/m1/s1	[H][C@@]12CC[C@H](C(O)=O)[C@]13CC(C(C)=CC3)[C@]2(C)CC/C=C(C)/C(OC)=O	Singab_147	SMFYIDNOSA	NJJHWXTWQAGIRM	C21H30O4				
348.193673996	InChI=1S/C20H28O5/c1-11(17(22)23)5-4-8-19(3)14-10-20(16(21)9-12(14)2)13(18(24)25)6-7-15(19)20/h9,11,13-15H,4-8,10H2,1-3H3,(H,22,23)(H,24,25)/t11-,13-,14?,15+,19+,20-/m1/s1	C[C@@]([H])(C(O)=O)CCC[C@]1(C)[C@]2([H])CC[C@H](C(O)=O)[C@]23CC1C(C)=CC3=O	Singab_148	ZRTDTNPVSA	HAFQCHYKJMFRGP	C20H28O5				
318.21949482	InChI=1S/C20H30O3/c1-12-7-9-16-17-15(12)8-6-13(2)18(17)20(16,11-21)10-4-5-14(3)19(22)23/h5-6,12,15-18,21H,4,7-11H2,1-3H3,(H,22,23)/b14-5+/t12-,15-,16+,17-,18-,20-/m1/s1	C/C(C(O)=O)=C\CC[C@@]1(CO)[C@@]2([H])CC[C@@H](C)[C@]3([H])[C@@]2([H])[C@@]1([H])C(C)=CC3	Singab_149	IPDCRLFISA	ZAZLEBYUHOCRNY	C20H30O3				
334.21440943999994	InChI=1S/C20H30O4/c1-12-5-8-16-17-15(12)7-6-14(10-21)18(17)20(16,11-22)9-3-4-13(2)19(23)24/h4,6,12,15-18,21-22H,3,5,7-11H2,1-2H3,(H,23,24)/b13-4+/t12-,15-,16+,17-,18-,20-/m1/s1	C/C(C(O)=O)=C\CC[C@@]1(CO)[C@@]2([H])CC[C@@H](C)[C@]3([H])[C@@]2([H])[C@@]1([H])C(CO)=CC3	Singab_150	STAUQQQKSA	GFUQKBATPLDJFF	C20H30O4				
320.235144884	InChI=1S/C20H32O3/c1-13(10-21)4-3-9-20(12-23)17-8-5-14(2)16-7-6-15(11-22)19(20)18(16)17/h4,6,14,16-19,21-23H,3,5,7-12H2,1-2H3/b13-4+/t14-,16-,17+,18-,19-,20-/m1/s1	C/C(CO)=C\CC[C@@]1(CO)[C@@]2([H])CC[C@@H](C)[C@]3([H])[C@@]2([H])[C@@]1([H])C(CO)=CC3	Singab_151	OERXVKALSA	XWUIGIQNNFPWFK	C20H32O3				
336.23005950399994	InChI=1S/C20H32O4/c1-12(10-21)4-3-9-20(11-22)16-8-5-13(2)14-6-7-15(19(23)24)18(20)17(14)16/h7,12-14,16-18,21-22H,3-6,8-11H2,1-2H3,(H,23,24)/t12-,13+,14+,16-,17+,18+,20+/m0/s1	C[C@](CCC[C@@]1(CO)[C@@]2([H])CC[C@@H](C)[C@]3([H])[C@@]2([H])[C@@]1([H])C(C(O)=O)=CC3)([H])CO	Singab_152	STTBCVOCSA	YZFCEGRIKQYKHP	C20H32O4				
336.23005950399994	InChI=1S/C20H32O4/c1-12-5-8-16-17-15(12)7-6-14(10-21)18(17)20(16,11-22)9-3-4-13(2)19(23)24/h6,12-13,15-18,21-22H,3-5,7-11H2,1-2H3,(H,23,24)/t12-,13+,15-,16+,17-,18-,20-/m1/s1	C[C@](CCC[C@@]1(CO)[C@@]2([H])CC[C@@H](C)[C@]3([H])[C@@]2([H])[C@@]1([H])C(CO)=CC3)([H])C(O)=O	Singab_153	NKJLKRQVSA	BHWLKFOFMYDHPW	C20H32O4				
298.193280072	InChI=1S/C20H26O2/c1-12-5-7-20-8-6-14(10-16(12)20)19(3,4)17(20)11-15-9-13(2)18(21)22-15/h9-12,14,17H,5-8H2,1-4H3/b15-11-/t12-,14+,17+,20-/m0/s1	O=C(O/1)C(C)=CC1=C\[C@H]2[C@](CC3)(CC[C@]4([H])C)C4=C[C@@H]3C2(C)C	Singab_154	XTIHWYPASA	XDOSSDQISIQOLI	C20H26O2				
318.21949482	InChI=1S/C20H30O3/c1-12-5-7-20-8-6-14(10-16(12)20)19(3,4)17(20)11-15(21)9-13(2)18(22)23/h10,12-14,17H,5-9,11H2,1-4H3,(H,22,23)/t12-,13?,14+,17+,20-/m0/s1	CC1(C)[C@H]([C@]2(C([H])C[C@]3([H])C)C3=C[C@H]1CC2)CC(CC(C)C(O)=O)=O	Singab_155	RGQHGMQSSA	SKTYBVMSWRARLO	C20H30O3				
334.21440943999994	InChI=1S/C20H30O4/c1-11-8-17(22)20-6-5-13(9-15(11)20)19(3,4)16(20)10-14(21)7-12(2)18(23)24/h9,11-13,16-17,22H,5-8,10H2,1-4H3,(H,23,24)/t11-,12?,13+,16+,17-,20+/m0/s1	CC1(C)[C@H]([C@]2([C@@H](O)C[C@]3([H])C)C3=C[C@H]1CC2)CC(CC(C)C(O)=O)=O	Singab_156	OVSOELHASA	PJJDTJJZRRRVLI	C20H30O4				
320.235144884	InChI=1S/C20H32O3/c1-12(18(22)23)6-5-7-16-19(3,4)14-8-9-20(16)15(11-14)13(2)10-17(20)21/h11-14,16-17,21H,5-10H2,1-4H3,(H,22,23)/t12?,13-,14+,16+,17-,20+/m0/s1	CC1(C)[C@H]([C@]2([C@@H](O)C[C@]3([H])C)C3=C[C@H]1CC2)CCCC(C)C(O)=O	Singab_157	GXGCMEPYSA	STUZCDLGYBIYQE	C20H32O3				
318.21949482	InChI=1S/C20H30O3/c1-12-5-7-20-8-6-14(10-16(12)20)19(3,4)17(20)11-15(21)9-13(2)18(22)23/h9-10,12,14-15,17,21H,5-8,11H2,1-4H3,(H,22,23)/b13-9+/t12-,14+,15-,17+,20-/m0/s1	CC1(C)[C@H]([C@]2(CC[C@]3([H])C)C3=C[C@H]1CC2)C[C@](O)([H])/C=C(C)/C(O)=O	Singab_158	CVAUVAQTSA	UAQIXHWEGGZUQV	C20H30O3				
336.23005950399994	InChI=1S/C20H32O4/c1-12(17(22)23)9-15(21)10-16-18(3,4)14-6-8-19(16)7-5-13(2)20(19,24)11-14/h12-14,16,24H,5-11H2,1-4H3,(H,22,23)/t12?,13-,14+,16+,19+,20?/m0/s1	CC([C@@H](C1)C([H])C2)(C)[C@H]([C@@]32C1(O)[C@](C)([H])CC3)CC(CC(C)C(O)=O)=O	Singab_159	MUGMYLNCSA	IIGITIKAUYJBEL	C20H32O4				
352.22497412399986	InChI=1S/C20H32O5/c1-11(17(23)24)7-13(21)8-16-18(3,4)14-9-20(25)12(2)5-6-19(16,20)10-15(14)22/h11-12,14-16,22,25H,5-10H2,1-4H3,(H,23,24)/t11?,12-,14-,15-,16+,19+,20?/m0/s1	CC([C@@H](C1)[C@@H](O)C2)(C)[C@H]([C@@]32C1(O)[C@](C)([H])CC3)CC(CC(C)C(O)=O)=O	Singab_160	YVZRWNHNSA	ISCIJEWSYWTGEY	C20H32O5				
318.21949482	InChI=1S/C20H30O3/c1-12-5-7-20-8-6-14(10-16(12)20)19(3,4)17(20)11-15(21)9-13(2)18(22)23/h9,14-15,17,21H,5-8,10-11H2,1-4H3,(H,22,23)/b13-9+/t14-,15+,17-,20+/m1/s1	CC([C@@H](C1)CC2)(C)[C@H]([C@@]32C1=C(C)CC3)C[C@](O)([H])/C=C(C)/C(O)=O	Singab_161	SAXLQRRESA	DJFGNYFWPQNXFX	C20H30O3				
318.21949482	InChI=1S/C20H30O3/c1-12(17(21)22)9-15-10-16-18(3,4)14-6-8-19(23-15)7-5-13(2)20(16,19)11-14/h9,13-16H,5-8,10-11H2,1-4H3,(H,21,22)/b12-9+/t13-,14-,15+,16-,19?,20-/m1/s1	CC1(C)[C@@H]2CCC3(CC[C@]4(C)[H])O[C@](/C=C(C)/C(O)=O)([H])C[C@H]1[C@]34C2	Singab_162	SSUDUWTOSA	AKMAERBYSDYONJ	C20H30O3				
414.38616622	InChI=1S/C29H50O/c1-7-21(19(2)3)9-8-20(4)25-12-13-26-24-11-10-22-18-23(30)14-16-28(22,5)27(24)15-17-29(25,26)6/h10,19-21,23-27,30H,7-9,11-18H2,1-6H3/t20-,21-,23+,24+,25?,26+,27+,28+,29-/m1/s1	CC(C)[C@@](CC)([H])CC[C@@H](C)C1CC[C@@]2([H])[C@]3([H])CC=C4C[C@@H](O)CC[C@]4(C)[C@@]3([H])CC[C@@]21C	Singab_163	SRQPHJCDSA	KZJWDPNRJALLNS	C29H50O				
456.36034539599996	InChI=1S/C30H48O3/c1-18-10-15-30(25(32)33)17-16-28(6)20(24(30)19(18)2)8-9-22-27(5)13-12-23(31)26(3,4)21(27)11-14-29(22,28)7/h8,18-19,21-24,31H,9-17H2,1-7H3,(H,32,33)/t18-,19+,21?,22?,23+,24?,27+,28-,29-,30+/m1/s1	O[C@H]1CC[C@@]2(C)C(CC[C@]3(C)C2CC=C4[C@]3(CC[C@]5(C(O)=O)C4[C@@H](C)[C@H](C)CC5)C)C1(C)C	Singab_164	POPPTPIPSA	WCGUUGGRBIKTOS	C30H48O3				
456.36034539599996	InChI=1S/C30H48O3/c1-25(2)14-16-30(24(32)33)17-15-28(6)19(20(30)18-25)8-9-22-27(5)12-11-23(31)26(3,4)21(27)10-13-29(22,28)7/h8,20-23,31H,9-18H2,1-7H3,(H,32,33)/t20?,21?,22?,23-,27-,28+,29+,30-/m0/s1	O[C@H]1CC[C@@]2(C)C(CC[C@]3(C)C2CC=C4[C@]3(CC[C@]5(C(O)=O)C4CC(C)(C)CC5)C)C1(C)C	Singab_165	FQRDBSNUSA	MIJYXULNPSFWEK	C30H48O3				
456.36034539599996	InChI=1S/C30H48O3/c1-25(2)14-16-30(24(32)33)17-15-28(6)19(20(30)18-25)8-9-22-27(5)12-11-23(31)26(3,4)21(27)10-13-29(22,28)7/h8,20-23,31H,9-18H2,1-7H3,(H,32,33)/t20?,21?,22?,23-,27+,28-,29-,30+/m1/s1	C[C@@]12C(CC[C@]3(C)C2CC=C4[C@]3(CC[C@]5(C(O)=O)C4CC(C)(C)CC5)C)C(C)(C)[C@H](O)CC1	Singab_166	LGSDIRQTSA	MIJYXULNPSFWEK	C30H48O3				
294.183109312	InChI=1S/C17H26O4/c1-3-4-5-6-8-11-16(14-21-15(2)18)12-9-7-10-13-17(19)20/h7,9-10,12-13H,3-6,8,11,14H2,1-2H3,(H,19,20)/b9-7+,13-10+,16-12-	CCCCCCC/C(COC(C)=O)=C/C=C/C=C/C(O)=O	Singab_167	ZGCNLJBJSA	AOFREHDVZVQHQM	C17H26O4				
162.06807956	InChI=1S/C10H10O2/c1-2-3-8-4-5-9-10(6-8)12-7-11-9/h2,4-6H,1,3,7H2	C=CCC1=CC=C2C(OCO2)=C1	Singab_176	UHFFFAOYSA	ZMQAAUBTXCXRIC	C10H10O2				
178.099379688	InChI=1S/C11H14O2/c1-4-5-9-6-7-10(12-2)11(8-9)13-3/h4,6-8H,1,5H2,2-3H3	C=CCC1=CC(OC)=C(OC)C=C1	Singab_177	UHFFFAOYSA	ZYEMGPIYFIJGTP	C11H14O2				
284.06847348400004	InChI=1S/C16H12O5/c1-20-16-14(19)13-11(18)7-10(17)8-12(13)21-15(16)9-5-3-2-4-6-9/h2-8,17-18H,1H3	O=C1C2=C(O)C=C(O)C=C2OC(C3=CC=CC=C3)=C1OC	Singab_178	UHFFFAOYSA	LYISDADPVOHJBJ	C16H12O5				
314.079038168	InChI=1S/C17H14O6/c1-21-11-5-3-9(4-6-11)16-17(22-2)15(20)14-12(19)7-10(18)8-13(14)23-16/h3-8,18-19H,1-2H3	O=C1C2=C(O)C=C(O)C=C2OC(C3=CC=C(OC)C=C3)=C1OC	Singab_179	UHFFFAOYSA	RJCJVIFSIXKSAH	C17H14O6				
344.089602852	InChI=1S/C18H16O7/c1-22-10-6-4-9(5-7-10)16-18(24-3)15(21)13-12(25-16)8-11(19)17(23-2)14(13)20/h4-8,19-20H,1-3H3	O=C1C2=C(O)C(OC)=C(O)C=C2OC(C3=CC=C(OC)C=C3)=C1OC	Singab_180	UHFFFAOYSA	DWZAJFZEYZIHPO	C18H16O7				
390.09508215599993	InChI=1S/C19H18O9/c1-24-12-7-11-13(14(22)18(12)26-3)15(23)19(27-4)16(28-11)8-5-9(20)17(25-2)10(21)6-8/h5-7,20-22H,1-4H3	O=C1C2=C(O)C(OC)=C(OC)C=C2OC(C3=CC(O)=C(OC)C(O)=C3)=C1OC	Singab_181	UHFFFAOYSA	NZFZOWRVVVZRJU	C19H18O9	Organic compounds	Phenylpropanoids and polyketides	Flavonoids	O-methylated flavonoids
284.06847348400004	InChI=1S/C16H12O5/c1-20-11-4-2-9(3-5-11)14-8-13(19)16-12(18)6-10(17)7-15(16)21-14/h2-8,17-18H,1H3	O=C1C2=C(O)C=C(O)C=C2OC(C3=CC=C(OC)C=C3)=C1	Singab_182	UHFFFAOYSA	DANYIYRPLHHOCZ	C16H12O5				
300.063388104	InChI=1S/C16H12O6/c1-21-9-4-2-8(3-5-9)12-6-10(17)14-13(22-12)7-11(18)15(19)16(14)20/h2-7,18-20H,1H3	O=C1C2=C(O)C(O)=C(O)C=C2OC(C3=CC=C(OC)C=C3)=C1	Singab_183	UHFFFAOYSA	XVMMEYCPXZYLAI	C16H12O6				
314.079038168	InChI=1S/C17H14O6/c1-21-10-5-3-9(4-6-10)13-7-11(18)15-14(23-13)8-12(19)17(22-2)16(15)20/h3-8,19-20H,1-2H3	O=C1C2=C(O)C(OC)=C(O)C=C2OC(C3=CC=C(OC)C=C3)=C1	Singab_184	UHFFFAOYSA	GPQLHGCIAUEJQK	C17H14O6				
298.0841235480001	InChI=1S/C17H14O5/c1-20-11-5-3-10(4-6-11)15-9-14(19)17-13(18)7-12(21-2)8-16(17)22-15/h3-9,18H,1-2H3	O=C1C2=C(O)C=C(OC)C=C2OC(C3=CC=C(OC)C=C3)=C1	Singab_185	UHFFFAOYSA	LZERJKGWTQYMBB	C17H14O5				
272.06847348400004	InChI=1S/C15H12O5/c16-9-6-10(17)12-11(7-9)20-15(14(19)13(12)18)8-4-2-1-3-5-8/h1-7,14-17,19H/t14-,15+/m0/s1	O=C1C2=C(O)C([H])=C(O)C=C2O[C@H](C3=CC=C([H])C=C3)[C@H]1O	Singab_186	LSDHHAIUSA	SUYJZKRQHBQNCA	C15H12O5				
256.073558864	InChI=1S/C15H12O4/c16-10-6-11(17)15-12(18)8-13(19-14(15)7-10)9-4-2-1-3-5-9/h1-7,13,16-17H,8H2/t13-/m0/s1	O=C1C2=C(O)C([H])=C(O)C=C2O[C@H](C3=CC=C([H])C=C3)C1[H]	Singab_187	ZDUSSCGKSA	URFCJEUYXNAHFI	C15H12O4				
344.089602852	InChI=1S/C18H16O7/c1-9(19)24-18-16(22)15-13(21)7-12(23-2)8-14(15)25-17(18)10-3-5-11(20)6-4-10/h3-8,17-18,20-21H,1-2H3/t17-,18+/m1/s1	O=C1C2=C(O)C([H])=C(OC)C=C2O[C@H](C3=CC=C(O)C=C3)[C@H]1OC(C)=O	Singab_188	MSOLQXFVSA	MXFVIYRBYOWKKJ	C18H16O7				
360.08451747199996	InChI=1S/C18H16O8/c1-8(19)25-18-15(23)13-12(7-11(21)17(24-2)14(13)22)26-16(18)9-3-5-10(20)6-4-9/h3-7,16,18,20-22H,1-2H3/t16-,18+/m1/s1	O=C1C2=C(O)C(OC)=C(O)C=C2O[C@H](C3=CC=C(O)C=C3)[C@H]1OC(C)=O	Singab_189	AEFFLSMTSA	SZKFMAOEZUMSRT	C18H16O8				
534.2101119079998	InChI=1S/C27H34O11/c1-32-17-6-4-13(8-19(17)33-2)25-15-11-36-26(16(15)12-35-25)14-5-7-18(20(9-14)34-3)37-27-24(31)23(30)22(29)21(10-28)38-27/h4-9,15-16,21-31H,10-12H2,1-3H3/t15-,16-,21+,22+,23-,24+,25-,26+,27+/m0/s1	COC1=C(OC)C=C([C@H]2[C@H]3CO[C@H](C4=CC(OC)=C(O[C@H]5[C@H](O)[C@@H](O)[C@H](O)[C@@H](CO)O5)C=C4)[C@H]3CO2)C=C1	Singab_190	LGQRSHAYSA	KFFCKOBAHMGTMW	C27H34O11				
446.19406791999984	InChI=1S/C24H30O8/c1-25-17-7-13(8-18(26-2)23(17)29-5)21-15-11-32-22(16(15)12-31-21)14-9-19(27-3)24(30-6)20(10-14)28-4/h7-10,15-16,21-22H,11-12H2,1-6H3/t15-,16-,21+,22+/m1/s1	COC1=CC([C@@]2([H])[C@@]3([H])[C@](C([H])O2)([H])[C@@](C4=CC(OC)=C(OC)C(OC)=C4)([H])OC3[H])=CC(OC)=C1OC	Singab_191	DJDZNOHASA	HRLFUIXSXUASEX	C24H30O8				
418.1627677919999	InChI=1S/C22H26O8/c1-25-13-7-5-11(9-15(13)27-3)19-17-18(22(24)29-19)20(30-21(17)23)12-6-8-14(26-2)16(10-12)28-4/h5-10,17-24H,1-4H3/t17-,18-,19+,20+,21+,22+/m1/s1	COC1=C(OC)C=C([C@@]2([H])[C@@]3([H])[C@]([C@@H](O)O2)([H])[C@@](C4=CC=C(OC)C(OC)=C4)([H])O[C@@H]3O)C=C1	Singab_192	PQQZDNAISA	ZODXEYLSGARSCY	C22H26O8				
370.141638424	InChI=1S/C21H22O6/c1-22-16-5-3-12(7-18(16)23-2)20-14-9-25-21(15(14)10-24-20)13-4-6-17-19(8-13)27-11-26-17/h3-8,14-15,20-21H,9-11H2,1-2H3/t14-,15-,20+,21-/m1/s1	[H][C@@]1(C2=CC(OCO3)=C3C=C2)[C@@]4([H])[C@](CO1)([H])[C@@](C5=CC=C(OC)C(OC)=C5)([H])OC4	Singab_193	SORVUCRQSA	AWOGQCSIVCQXBT	C21H22O6				
358.14163842399995	InChI=1S/C20H22O6/c1-23-17-7-11(3-5-15(17)21)19-13-9-26-20(14(13)10-25-19)12-4-6-16(22)18(8-12)24-2/h3-8,13-14,19-22H,9-10H2,1-2H3/t13-,14-,19+,20+/m1/s1	[H][C@]12[C@H](C3=CC=C(O)C(OC)=C3)OC[C@@]1([H])[C@H](C4=CC=C(O)C(OC)=C4)OC2	Singab_195	NSMLZSOPSA	HGXBRUKMWQGOIE	C20H22O6				
520.1944618439999	InChI=1S/C26H32O11/c1-32-18-7-12(3-5-16(18)28)24-14-10-35-25(15(14)11-34-24)13-4-6-17(19(8-13)33-2)36-26-23(31)22(30)21(29)20(9-27)37-26/h3-8,14-15,20-31H,9-11H2,1-2H3/t14?,15?,20-,21-,22+,23-,24+,25+,26-/m1/s1	COC1=C(O)C=CC([C@H]2C3C(CO2)[C@H](C4=CC(OC)=C(O[C@H]5[C@H](O)[C@@H](O)[C@H](O)[C@@H](CO)O5)C=C4)OC3)=C1	Singab_196	WORHXBJNSA	QLJNETOQFQXTLI	C26H32O11				
624.205420452	InChI=1S/C29H36O15/c1-13-22(36)23(37)24(38)29(41-13)44-27-25(39)28(40-9-8-15-3-6-17(32)19(34)11-15)42-20(12-30)26(27)43-21(35)7-4-14-2-5-16(31)18(33)10-14/h2-7,10-11,13,20,22-34,36-39H,8-9,12H2,1H3/b7-4+	CC1C(O)C(O)C(O)C(OC2C(O)C(OCCC3=CC(O)=C(O)C=C3)OC(CO)C2OC(/C=C/C4=CC(O)=C(O)C=C4)=O)O1	Singab_197	QPJJXVBHSA	FBSKJMQYURKNSU	C29H36O15				
770.2633292520002	InChI=1S/C35H46O19/c1-14-24(41)26(43)28(45)33(50-14)49-13-22-31(53-23(40)8-5-16-3-6-18(36)20(38)11-16)32(54-35-29(46)27(44)25(42)15(2)51-35)30(47)34(52-22)48-10-9-17-4-7-19(37)21(39)12-17/h3-8,11-12,14-15,22,24-39,41-47H,9-10,13H2,1-2H3/b8-5+	CC1C(O)C(O)C(O)C(OCC2C(OC(/C=C/C3=CC(O)=C(O)C=C3)=O)C(OC4C(O)C(O)C(O)C(C)O4)C(O)C(OCCC5=CC(O)=C(O)C=C5)O2)O1	Singab_198	VMPITWQZSA	YMWRMAOPKNYHMZ	C35H46O19				
295.10558726400006	InChI=1S/C14H17NO6/c15-6-9(8-4-2-1-3-5-8)20-14-13(19)12(18)11(17)10(7-16)21-14/h1-5,9-14,16-19H,7H2/t9-,10+,11+,12-,13+,14+/m0/s1	N#C[C@H](O[C@H]1[C@H](O)[C@@H](O)[C@H](O)[C@@H](CO)O1)C2=CC=CC=C2	Singab_199	GMDXDWKASA	ZKSZEJFBGODIJW	C14H17NO6				
252.172544628	InChI=1S/C15H24O3/c1-2-3-4-5-6-7-8-10-14(13-16)11-9-12-15(17)18/h8-12,16H,2-7,13H2,1H3,(H,17,18)/b10-8+,12-9+,14-11+	OCC(/C=C/CCCCCCC)=C/C=C/C(O)=O	BCFA_1	OJDKICFSSA	LLSJTZKYHAGGNT	C15H24O3				
252.172544628	InChI=1S/C15H24O3/c1-2-3-4-5-6-7-8-10-14(13-16)11-9-12-15(17)18/h8-12,16H,2-7,13H2,1H3,(H,17,18)/b10-8+,12-9+,14-11-	CCCCCCC/C=C/C(CO)=C/C=C/C(O)=O	BCFA_2	KROMFQCDSA	LLSJTZKYHAGGNT	C15H24O3				
504.345089256	InChI=1S/C30H48O6/c1-3-5-7-9-10-12-13-15-23(21-31)19-27-26(17-18-28(33)34)25(22-32)20-24(29(27)30(35)36)16-14-11-8-6-4-2/h13,15,17-20,24,26-27,29,31-32H,3-12,14,16,21-22H2,1-2H3,(H,33,34)(H,35,36)/b15-13+,18-17+,23-19-/t24-,26+,27-,29-/m1/s1	OCC1=C[C@@H](CCCCCCC)[C@@H](C(O)=O)[C@H](/C=C(CO)/C=C/CCCCCCC)[C@H]1/C=C/C(O)=O	BCFA_3	PJDJPNCJSA	JGIUSUNHAXOJAB	C30H48O6				
294.183109312	InChI=1S/C17H26O4/c1-3-4-5-6-7-8-9-11-16(14-21-15(2)18)12-10-13-17(19)20/h9-13H,3-8,14H2,1-2H3,(H,19,20)/b11-9+,13-10+,16-12+	CCCCCCC/C=C/C(COC(C)=O)=C\C=C\C(O)=O	BCFA_4	NSLQXCKESA	JTDBVAYGXJVBEC	C17H26O4				
294.183109312	InChI=1S/C17H26O4/c1-3-4-5-6-7-8-9-11-16(14-21-15(2)18)12-10-13-17(19)20/h9-13H,3-8,14H2,1-2H3,(H,19,20)/b11-9+,13-10+,16-12-	CCCCCCC/C=C/C(COC(C)=O)=C/C=C/C(O)=O	BCFA_5	NABZSAIOSA	JTDBVAYGXJVBEC	C17H26O4				
546.3556539399998	InChI=1S/C32H50O7/c1-4-6-8-10-11-13-14-16-25(22-33)20-29-28(18-19-30(35)36)27(23-39-24(3)34)21-26(31(29)32(37)38)17-15-12-9-7-5-2/h14,16,18-21,26,28-29,31,33H,4-13,15,17,22-23H2,1-3H3,(H,35,36)(H,37,38)/b16-14+,19-18+,25-20-/t26-,28+,29-,31-/m1/s1	O=C(O)/C=C/[C@@H]1[C@@H](/C=C(CO)/C=C/CCCCCCC)[C@H](C(O)=O)[C@H](CCCCCCC)C=C1COC(C)=O	BCFA_6a	KMYJDXOISA	OMXAIZQCKWXOBM	C32H50O7				
504.3450892559999	InChI=1S/C30H48O6/c1-3-5-7-9-11-14-23-20-25(22-32)27(18-19-29(35)36)30(24(21-31)15-13-17-28(33)34)26(23)16-12-10-8-6-4-2/h13,15,17-20,23,26-27,30-32H,3-12,14,16,21-22H2,1-2H3,(H,33,34)(H,35,36)/b17-13+,19-18+,24-15+/t23-,26+,27+,30-/m1/s1	O=C(O)/C=C/[C@H]1C(CO)=C[C@@H](CCCCCCC)[C@H](CCCCCCC)[C@H]1/C(CO)=C/C=C/C(O)=O	BCFA_6b	PUOWNDDKSA	PUGMVLQTPABGKH	C30H48O6				
294.21949482	InChI=1S/C18H30O3/c1-3-5-6-7-8-9-10-12-17(16-21-15-4-2)13-11-14-18(19)20/h10-14H,3-9,15-16H2,1-2H3,(H,19,20)/b12-10+,14-11+,17-13-	CCCCCCC/C=C/C(COCCC)=C/C=C/C(O)=O	BCFA_6c	JRBZMOPSSA	IHIWSMPBIJYNIM	C18H30O3				
238.19328007200002	InChI=1S/C15H26O2/c1-3-4-5-6-7-8-9-11-14(2)12-10-13-15(16)17/h9,11H,2-8,10,12-13H2,1H3,(H,16,17)/b11-9+	CCCCCCC/C=C/C(CCCC(O)=O)=C	BCFA_7a	PKNBQFBNSA	SPOAYCLWQFBLTG	C15H26O2				
236.177630008	InChI=1S/C15H24O2/c1-3-4-5-6-7-8-9-11-14(2)12-10-13-15(16)17/h9-13H,3-8H2,1-2H3,(H,16,17)/b11-9+,13-10+,14-12+	CCCCCCC/C=C/C(C[H])=C/C=C/C(O)=O	BCFA_7b	OBZGEHOJSA	UHMHCQLRUOWPKJ	C15H24O2				
588.3662186239999	InChI=1S/C34H52O8/c1-5-7-9-11-12-14-15-17-27(23-41-25(3)35)21-31-30(19-20-32(37)38)29(24-42-26(4)36)22-28(33(31)34(39)40)18-16-13-10-8-6-2/h15,17,19-22,28,30-31,33H,5-14,16,18,23-24H2,1-4H3,(H,37,38)(H,39,40)/b17-15+,20-19+,27-21-/t28-,30+,31-,33-/m1/s1	O=C(O)/C=C/[C@@H]1[C@@H](/C=C(COC(C)=O)/C=C/CCCCCCC)[C@H](C(O)=O)[C@H](CCCCCCC)C=C1COC(C)=O	BCFA_8	ZNITYJKNSA	HAAVDPGNNWYZBM	C34H52O8				
546.3556539399998	InChI=1S/C32H50O7/c1-4-6-8-10-12-15-25-21-27(22-33)29(19-20-31(37)38)32(28(25)17-13-11-9-7-5-2)26(23-39-24(3)34)16-14-18-30(35)36/h14,16,18-21,25,28-29,32-33H,4-13,15,17,22-23H2,1-3H3,(H,35,36)(H,37,38)/b18-14+,20-19+,26-16+/t25-,28+,29+,32-/m1/s1	O=C(O)/C=C/[C@H]1C(CO)=C[C@@H](CCCCCCC)[C@H](CCCCCCC)[C@H]1/C(COC(C)=O)=C/C=C/C(O)=O	BCFA_9	JDLQQGKWSA	INIKCQNROWZXPE	C32H50O7				
546.3556539399998	InChI=1S/C32H50O7/c1-4-6-8-10-12-15-25-21-27(22-33)29(19-20-31(37)38)32(28(25)17-13-11-9-7-5-2)26(23-39-24(3)34)16-14-18-30(35)36/h14,16,18-21,25,28-29,32-33H,4-13,15,17,22-23H2,1-3H3,(H,35,36)(H,37,38)/b18-14+,20-19+,26-16+/t25-,28-,29+,32+/m1/s1	O=C(O)/C=C/[C@H]1C(CO)=C[C@@H](CCCCCCC)[C@H]([C@@H]1/C(COC(C)=O)=C/C=C/C(O)=O)CCCCCCC	BCFA_10	RSDRSIFPSA	INIKCQNROWZXPE	C32H50O7				
546.3556539399998	InChI=1S/C32H50O7/c1-4-6-8-10-12-15-25-21-27(23-39-24(3)34)29(19-20-31(37)38)32(26(22-33)16-14-18-30(35)36)28(25)17-13-11-9-7-5-2/h14,16,18-21,25,28-29,32-33H,4-13,15,17,22-23H2,1-3H3,(H,35,36)(H,37,38)/b18-14+,20-19+,26-16+/t25-,28+,29+,32-/m1/s1	O=C(O)/C=C/[C@H]1C(COC(C)=O)=C[C@@H](CCCCCCC)[C@H](CCCCCCC)[C@H]1/C(CO)=C/C=C/C(O)=O	BCFA_11	JDLQQGKWSA	YWKMKHYQKKHVRS	C32H50O7				
546.3556539399998	InChI=1S/C32H50O7/c1-4-6-8-10-12-15-25-21-27(23-39-24(3)34)29(19-20-31(37)38)32(26(22-33)16-14-18-30(35)36)28(25)17-13-11-9-7-5-2/h14,16,18-21,25,28-29,32-33H,4-13,15,17,22-23H2,1-3H3,(H,35,36)(H,37,38)/b18-14+,20-19+,26-16+/t25-,28-,29+,32+/m1/s1	O=C(O)/C=C/[C@H]1C(COC(C)=O)=C[C@@H](CCCCCCC)[C@H]([C@@H]1/C(CO)=C/C=C/C(O)=O)CCCCCCC	BCFA_12	RSDRSIFPSA	YWKMKHYQKKHVRS	C32H50O7				
588.366218624	InChI=1S/C34H52O8/c1-5-7-9-11-13-16-27-22-29(24-42-26(4)36)31(20-21-33(39)40)34(30(27)18-14-12-10-8-6-2)28(23-41-25(3)35)17-15-19-32(37)38/h15,17,19-22,27,30-31,34H,5-14,16,18,23-24H2,1-4H3,(H,37,38)(H,39,40)/b19-15+,21-20+,28-17+/t27-,30+,31+,34-/m1/s1	O=C(O)/C=C/[C@H]1C(COC(C)=O)=C[C@@H](CCCCCCC)[C@H](CCCCCCC)[C@H]1/C(COC(C)=O)=C/C=C/C(O)=O	BCFA_13a	FLNDZFBMSA	FVYQCRGWIFNXAY	C34H52O8				
588.3662186239999	InChI=1S/C34H52O8/c1-5-7-9-11-13-16-27-22-29(24-42-26(4)36)31(20-21-33(39)40)34(30(27)18-14-12-10-8-6-2)28(23-41-25(3)35)17-15-19-32(37)38/h15,17,19-22,27,30-31,34H,5-14,16,18,23-24H2,1-4H3,(H,37,38)(H,39,40)/b19-15+,21-20+,28-17+/t27-,30-,31+,34+/m1/s1	O=C(O)/C=C/[C@H]1C(COC(C)=O)=C[C@@H](CCCCCCC)[C@H]([C@@H]1/C(COC(C)=O)=C/C=C/C(O)=O)CCCCCCC	BCFA_13b	WDYABPQDSA	FVYQCRGWIFNXAY	C34H52O8				
624.2054204519999	InChI=1S/C29H36O15/c1-13-22(36)23(37)24(38)29(41-13)44-27-25(39)28(40-9-8-15-3-6-17(32)19(34)11-15)42-20(12-30)26(27)43-21(35)7-4-14-2-5-16(31)18(33)10-14/h2-7,10-11,13,20,22-34,36-39H,8-9,12H2,1H3/b7-4+/t13-,20+,22-,23+,24+,25+,26+,27+,28+,29-/m0/s1	O[C@@H]1[C@@H](O[C@H]2[C@H](O)[C@H](O)[C@@H](O)[C@H](C)O2)[C@H](OC(/C=C/C3=CC(O)=C(O)C=C3)=O)[C@@H](CO)O[C@H]1OCCC4=CC=C(O)C(O)=C4	KU002-2	ZLSOWSIRSA	FBSKJMQYURKNSU	C29H36O15				
304.05830272400004	InChI=1S/C15H12O7/c16-7-4-10(19)12-11(5-7)22-15(14(21)13(12)20)6-1-2-8(17)9(18)3-6/h1-5,14-19,21H/t14-,15+/m0/s1	O[C@H]1C(C2=C(O)C=C(O)C=C2O[C@@H]1C3=CC(O)=C(O)C=C3)=O	KU002-3	LSDHHAIUSA	CXQWRCVTCMQVQX	C15H12O7				
288.063388104	InChI=1S/C15H12O6/c16-8-3-1-7(2-4-8)15-14(20)13(19)12-10(18)5-9(17)6-11(12)21-15/h1-6,14-18,20H/t14-,15+/m0/s1	O[C@H]1C(C2=C(O)C=C(O)C=C2O[C@@H]1C3=CC=C(O)C=C3)=O	KU002-5-1	LSDHHAIUSA	PADQINQHPQKXNL	C15H12O6				
324.15728848799995	InChI=1S/C17H24O6/c1-12(9-18)6-16(20)7-14(10-22-13(2)19)4-3-5-15-8-17(21)23-11-15/h6,8,14,18H,3-5,7,9-11H2,1-2H3/b12-6+	O=C(/C=C(C)/CO)CC(CCCC(CO1)=CC1=O)COC(C)=O	KU002-5-2	WUXMJOGZSA	NVJKTZPDXMPYAF	C17H24O6				
346.068867408	InChI=1S/C17H14O8/c1-7(18)24-17-15(23)14-12(22)5-9(19)6-13(14)25-16(17)8-2-3-10(20)11(21)4-8/h2-6,16-17,19-22H,1H3/t16-,17+/m1/s1	OC(C=C1)=C(O)C=C1[C@@H]2[C@@H](OC(C)=O)C(C3=C(O)C=C(O)C=C3O2)=O	KU002-8-3	SJORKVTESA	NPWRSXJQDKRXOR	C17H14O8				
444.1784178559999	InChI=1S/C24H28O8/c1-16(13-25)9-20(26)10-18(3-2-4-19-12-24(30)32-15-19)14-31-23(29)8-6-17-5-7-21(27)22(28)11-17/h5-9,11-12,18,25,27-28H,2-4,10,13-15H2,1H3/b8-6+,16-9+	OC1=C(O)C=CC(/C=C/C(OCC(CCCC(CO2)=CC2=O)CC(/C=C(C)/CO)=O)=O)=C1	KU002-8-2	CUPWRZTQSA	ZEXYUHSKZCBVFE	C24H28O8				
330.073952788	InChI=1S/C17H14O7/c1-22-12-4-3-8(5-10(12)19)16-17(23-2)15(21)14-11(20)6-9(18)7-13(14)24-16/h3-7,18-20H,1-2H3	OC1=C(OC)C=CC(C2=C(OC)C(C3=C(O)C=C(O)C=C3O2)=O)=C1	KU002-11-2	UHFFFAOYSA	ZSPZNFOLWQEVQJ	C17H14O7				
366.16785317199987	InChI=1S/C19H26O7/c1-13(10-24-14(2)20)7-18(22)8-16(11-25-15(3)21)5-4-6-17-9-19(23)26-12-17/h7,9,16H,4-6,8,10-12H2,1-3H3/b13-7+	O=C(/C=C(C)/COC(C)=O)CC(CCCC(CO1)=CC1=O)COC(C)=O	KU002-11-3	NTUHNPAUSA	FBCLJCSTWJKZSQ	C19H26O7				
308.162373868	InChI=1S/C17H24O5/c1-12(2)7-16(19)8-14(10-21-13(3)18)5-4-6-15-9-17(20)22-11-15/h7,9,14H,4-6,8,10-11H2,1-3H3	O=C(C=C(C)C)CC(CCCC(CO1)=CC1=O)COC(C)=O	KU002-12-3-1	UHFFFAOYSA	HLBAOWQFVZMNJK	C17H24O5				
236.104858992	InChI=1S/C13H16O4/c1-10(14)17-8-4-5-11-6-7-12(15-2)13(9-11)16-3/h4-7,9H,8H2,1-3H3/b5-4+	CC(OC/C=C/C1=CC(OC)=C(OC)C=C1)=O	KU002-12-3-5	SNAWJCMRSA	MVLZLHBOBVWBQS	C13H16O4				
428.1835032359999	InChI=1S/C24H28O7/c1-16(2)10-20(25)11-18(4-3-5-19-13-24(29)31-15-19)14-30-23(28)9-7-17-6-8-21(26)22(27)12-17/h6-10,12-13,18,26-27H,3-5,11,14-15H2,1-2H3/b9-7+	OC1=C(O)C=CC(/C=C/C(OCC(CCCC(CO2)=CC2=O)CC(C=C(C)C)=O)=O)=C1	KU002-13	VQHVLOKHSA	LRHJPGGHXBPBPS	C24H28O7				
256.073558864	InChI=1S/C15H12O4/c16-10-6-11(17)15-12(18)8-13(19-14(15)7-10)9-4-2-1-3-5-9/h1-7,13,16-17H,8H2	OC1=CC(O)=C(C(CC(C2=CC=CC=C2)O3)=O)C3=C1	KU002-14	UHFFFAOYSA	URFCJEUYXNAHFI	C15H12O4				
270.05282342000004	InChI=1S/C15H10O5/c16-9-6-10(17)12-11(7-9)20-15(14(19)13(12)18)8-4-2-1-3-5-8/h1-7,16-17,19H	OC1=CC(O)=C(C(C(O)=C(C2=CC=CC=C2)O3)=O)C3=C1	KU002-15-1	UHFFFAOYSA	VCCRNZQBSJXYJD	C15H10O5				
314.07903816799995	InChI=1S/C17H14O6/c1-9(18)22-17-15(21)14-12(20)7-11(19)8-13(14)23-16(17)10-5-3-2-4-6-10/h2-8,16-17,19-20H,1H3/t16-,17+/m1/s1	OC1=CC(O)=C(C([C@H](OC(C)=O)[C@@H](C2=CC=CC=C2)O3)=O)C3=C1	KU002-15-2	SJORKVTESA	BJYHZSNSMVEQEH	C17H14O6				
284.06847348400004	InChI=1S/C16H12O5/c1-20-16-14(19)13-11(18)7-10(17)8-12(13)21-15(16)9-5-3-2-4-6-9/h2-8,17-18H,1H3	OC1=CC(O)=C(C(C(OC)=C(C2=CC=CC=C2)O3)=O)C3=C1	KU002-16	UHFFFAOYSA	LYISDADPVOHJBJ	C16H12O5				
624.2054204519999	InChI=1S/C29H36O15/c1-13-22(36)23(37)24(38)29(41-13)44-27-25(39)28(40-9-8-15-3-6-17(32)19(34)11-15)42-20(12-30)26(27)43-21(35)7-4-14-2-5-16(31)18(33)10-14/h2-7,10-11,13,20,22-34,36-39H,8-9,12H2,1H3/b7-4+/t13-,20+,22-,23+,24+,25+,26+,27+,28+,29-/m0/s1	O[C@@H]1[C@@H](O[C@H]2[C@H](O)[C@H](O)[C@@H](O)[C@H](C)O2)[C@H](OC(/C=C/C3=CC(O)=C(O)C=C3)=O)[C@@H](CO)O[C@H]1OCCC4=CC=C(O)C(O)=C4	KU006-2	ZLSOWSIRSA	FBSKJMQYURKNSU	C29H36O15				
624.2054204519999	InChI=1S/C29H36O15/c1-13-22(35)24(37)25(38)29(42-13)44-27-23(36)20(12-41-21(34)7-4-14-2-5-16(30)18(32)10-14)43-28(26(27)39)40-9-8-15-3-6-17(31)19(33)11-15/h2-7,10-11,13,20,22-33,35-39H,8-9,12H2,1H3/b7-4+/t13-,20+,22-,23+,24+,25+,26+,27-,28+,29-/m0/s1	O[C@@H]1[C@@H](COC(/C=C/C2=CC(O)=C(O)C=C2)=O)O[C@@H](OCCC3=CC=C(O)C(O)=C3)[C@H](O)[C@H]1O[C@H]4[C@H](O)[C@H](O)[C@@H](O)[C@H](C)O4	KU006-3-1	QEOJJFGVSA	FNMHEHXNBNCPCI	C29H36O15				
220.073558864	InChI=1S/C12H12O4/c1-6-2-3-9(13)8-4-7(12(15)16)5-10(14)11(6)8/h4-6,14H,2-3H2,1H3,(H,15,16)/t6-/m1/s1	OC1=CC(C(O)=O)=CC2=C1[C@H](C)CCC2=O	KU006-4-1	ZCFIWIBFSA	DYJUFZBKFKDQDT	C12H12O4				
316.05830272400004	InChI=1S/C16H12O7/c1-22-16-11(20)6-13-14(15(16)21)10(19)5-12(23-13)7-2-3-8(17)9(18)4-7/h2-6,17-18,20-21H,1H3	OC(C=C1)=C(O)C=C1C2=CC(C3=C(O)C(OC)=C(O)C=C3O2)=O	KU006-4-3	UHFFFAOYSA	FHHSEFRSDKWJKJ	C16H12O7				
348.193673996	InChI=1S/C20H28O5/c1-11(10-21)5-4-6-12(2)18-15-8-14(20(24)25)9-17(23)19(15)13(3)7-16(18)22/h5,8-9,12-13,16,18,21-23H,4,6-7,10H2,1-3H3,(H,24,25)/b11-5+/t12-,13+,16+,18-/m0/s1	OC1=CC(C(O)=O)=CC2=C1[C@H](C)C[C@@H](O)[C@@]2([H])[C@@](CC/C=C(CO)\C)([H])C	KU006-4-4	ABUKBMIXSA	MJWLHCMBYVZEKW	C20H28O5				
350.20932406	InChI=1S/C20H30O5/c1-11(10-21)5-4-6-12(2)18-15-8-14(20(24)25)9-17(23)19(15)13(3)7-16(18)22/h8-9,11-13,16,18,21-23H,4-7,10H2,1-3H3,(H,24,25)/t11?,12-,13+,16+,18-/m0/s1	OC1=CC(C(O)=O)=CC2=C1[C@H](C)C[C@@H](O)[C@@]2([H])[C@@](CCCC(CO)C)([H])C	KU006-4-5	HFLPZHLESA	PNFPUVYLPURZAO	C20H30O5				
366.20423868	InChI=1S/C20H30O6/c1-11(5-7-17(23)20(3,26)10-21)14-6-4-12(2)18-15(14)8-13(19(24)25)9-16(18)22/h8-9,11-12,14,17,21-23,26H,4-7,10H2,1-3H3,(H,24,25)/t11-,12+,14-,17?,20?/m0/s1	OC1=CC(C(O)=O)=CC2=C1[C@H](C)CC[C@@]2([H])[C@@](CCC(O)C(CO)(O)C)([H])C	KU006-4-5b	NZODZSCSSA	PUHUHJOKQKBQHX	C20H30O6				
300.063388104	InChI=1S/C16H12O6/c1-21-16-11(19)7-13-14(15(16)20)10(18)6-12(22-13)8-2-4-9(17)5-3-8/h2-7,17,19-20H,1H3	OC(C=C1)=CC=C1C2=CC(C3=C(O)C(OC)=C(O)C=C3O2)=O	KU006-5-3	UHFFFAOYSA	IHFBPDAQLQOCBX	C16H12O6				
330.07395278799993	InChI=1S/C17H14O7/c1-22-13-5-8(3-4-9(13)18)12-6-10(19)15-14(24-12)7-11(20)17(23-2)16(15)21/h3-7,18,20-21H,1-2H3	OC(C=C1)=C(OC)C=C1C2=CC(C3=C(O)C(OC)=C(O)C=C3O2)=O	KU006-5-4	UHFFFAOYSA	GLAAQZFBFGEBPS	C17H14O7				
378.20423868	InChI=1S/C21H30O6/c1-11(6-5-7-12(2)21(26)27-4)18-15-9-14(20(24)25)10-17(23)19(15)13(3)8-16(18)22/h9-13,16,18,22-23H,5-8H2,1-4H3,(H,24,25)/t11-,12?,13+,16+,18-/m0/s1	OC1=CC(C(O)=O)=CC2=C1[C@H](C)C[C@@H](O)[C@@]2([H])[C@@](CCCC(C(OC)=O)C)([H])C	KU006-6-1	DPIUTPNESA	DXUHZGOSBQWAIZ	C21H30O6				
298.084123548	InChI=1S/C17H14O5/c1-20-16-7-12-13(19)8-14(10-3-5-11(18)6-4-10)22-15(12)9-17(16)21-2/h3-9,18H,1-2H3	OC(C=C1)=CC=C1C2=CC(C3=CC(OC)=C(OC)C=C3O2)=O	KU006-7	UHFFFAOYSA	HFKUQVVULHCLCS	C17H14O5				
394.19915330000003	InChI=1S/C21H30O7/c1-10(6-5-7-11(2)21(27)28-4)16-13-9-14(20(25)26)18(23)19(24)17(13)12(3)8-15(16)22/h9-12,15-16,22-24H,5-8H2,1-4H3,(H,25,26)/t10-,11?,12+,15+,16-/m0/s1	OC1=C(O)C(C(O)=O)=CC2=C1[C@H](C)C[C@@H](O)[C@@]2([H])[C@@](CCCC(C(OC)=O)C)([H])C	KU006-8-1	COLXQZHVSA	QAXGJLBRJMSWEY	C21H30O7				
332.19875937599994	InChI=1S/C20H28O4/c1-12(11-21)5-4-6-13(2)16-8-7-14(3)19-17(16)9-15(20(23)24)10-18(19)22/h5,9-10,13-14,16,21-22H,4,6-8,11H2,1-3H3,(H,23,24)/b12-5-/t13-,14+,16-/m0/s1	OC1=CC(C(O)=O)=CC2=C1[C@H](C)CC[C@@]2([H])[C@@](CC/C=C(C)\CO)([H])C	KU006-10-1	OFRWJVFSSA	NXCRMGUYKIJISM	C20H28O4	Organic compounds	Lipids and lipid-like molecules	Prenol lipids	Diterpenoids
332.19875937599994	InChI=1S/C20H28O4/c1-12(11-21)5-4-6-13(2)16-8-7-14(3)19-17(16)9-15(20(23)24)10-18(19)22/h5,9-10,13-14,16,21-22H,4,6-8,11H2,1-3H3,(H,23,24)/b12-5+/t13-,14+,16-/m0/s1	OC1=CC(C(O)=O)=CC2=C1[C@H](C)CC[C@@]2([H])[C@@](CC/C=C(CO)\C)([H])C	KU006-11	RBYVDDFWSA	NXCRMGUYKIJISM	C20H28O4				
334.21440943999994	InChI=1S/C20H30O4/c1-12(11-21)5-4-6-13(2)16-8-7-14(3)19-17(16)9-15(20(23)24)10-18(19)22/h9-10,12-14,16,21-22H,4-8,11H2,1-3H3,(H,23,24)/t12?,13-,14+,16-/m0/s1	OC1=CC(C(O)=O)=CC2=C1[C@H](C)CC[C@@]2([H])[C@@](CCCC(CO)C)([H])C	KU006-12	HUORLRHWSA	JRPWTYGKVNMSIR	C20H30O4				
350.20932406	InChI=1S/C20H30O5/c1-11(10-21)5-4-6-12(2)14-8-7-13(3)17-15(14)9-16(20(24)25)18(22)19(17)23/h9,11-14,21-23H,4-8,10H2,1-3H3,(H,24,25)/t11?,12-,13+,14-/m0/s1	OC1=C(O)C(C(O)=O)=CC2=C1[C@H](C)CC[C@@]2([H])[C@@](CCCC(CO)C)([H])C	KU006-14	GSPSYOTPSA	LNVBQOJPDQKZTL	C20H30O5				
360.23005950399994	InChI=1S/C22H32O4/c1-14(12-23)6-5-7-15(2)19-9-8-16(3)22-20(19)10-18(11-21(22)25)13-26-17(4)24/h6,10-11,15-16,19,23,25H,5,7-9,12-13H2,1-4H3/b14-6+/t15-,16+,19-/m0/s1	OC1=CC(COC(C)=O)=CC2=C1[C@H](C)CC[C@@]2([H])[C@@](CC/C=C(CO)\C)([H])C	KU006-15-1	UNFKLCKYSA	QYVRGBDFTMKFCS	C22H32O4				
360.1936739959999	InChI=1S/C21H28O5/c1-12(6-5-7-14(3)21(25)26-4)16-9-8-13(2)19-17(16)10-15(20(23)24)11-18(19)22/h7,10-13,16,22H,5-6,8-9H2,1-4H3,(H,23,24)/b14-7+/t12-,13+,16-/m0/s1	OC1=CC(C(O)=O)=CC2=C1[C@H](C)CC[C@@]2([H])[C@@](CC/C=C(C(OC)=O)\C)([H])C	KU006-15-2	DWQWOOPWSA	CIOTYZFASUOYQU	C21H28O5				
362.20932405999986	InChI=1S/C21H30O5/c1-12(6-5-7-14(3)21(25)26-4)16-9-8-13(2)19-17(16)10-15(20(23)24)11-18(19)22/h10-14,16,22H,5-9H2,1-4H3,(H,23,24)/t12-,13+,14?,16-/m0/s1	OC1=CC(C(O)=O)=CC2=C1[C@H](C)CC[C@@]2([H])[C@@](CCCC(C(OC)=O)C)([H])C	KU006-15-3	DXBFTMOHSA	OECIULCWWQFRHD	C21H30O5				
290.151809184	InChI=1S/C17H22O4/c1-10(4-3-7-18)13-6-5-11(2)16-14(13)8-12(17(20)21)9-15(16)19/h7-11,13,19H,3-6H2,1-2H3,(H,20,21)/t10-,11+,13-/m0/s1	OC1=CC(C(O)=O)=CC2=C1[C@H](C)CC[C@@]2([H])[C@@](CCC=O)([H])C	KU006-17-1	LOWVWBTDSA	WGIQBOFATIABOV	C17H22O4				
350.20932406	InChI=1S/C20H30O5/c1-11(6-8-17(22)20(3,4)25)14-7-5-12(2)18-15(14)9-13(19(23)24)10-16(18)21/h9-12,14,17,21-22,25H,5-8H2,1-4H3,(H,23,24)/t11-,12+,14-,17?/m0/s1	OC1=CC(C(O)=O)=CC2=C1[C@H](C)CC[C@@]2([H])[C@@](CCC(O)C(C)(O)C)([H])C	KU006-17-2	IQOPXXIESA	VODICXPZWAGZPJ	C20H30O5				
350.20932406	InChI=1S/C20H30O5/c1-11(6-8-17(22)20(3,4)25)14-7-5-12(2)18-15(14)9-13(19(23)24)10-16(18)21/h9-12,14,17,21-22,25H,5-8H2,1-4H3,(H,23,24)/t11-,12+,14-,17?/m0/s1	OC1=CC(C(O)=O)=CC2=C1[C@H](C)CC[C@@]2([H])[C@@](CCC(O)C(C)(O)C)([H])C	KU006-17-3	IQOPXXIESA	VODICXPZWAGZPJ	C20H30O5				
364.224974124	InChI=1S/C21H32O5/c1-12(7-9-18(23)21(3,4)26-5)15-8-6-13(2)19-16(15)10-14(20(24)25)11-17(19)22/h10-13,15,18,22-23H,6-9H2,1-5H3,(H,24,25)/t12-,13+,15-,18?/m0/s1	OC1=CC(C(O)=O)=CC2=C1[C@H](C)CC[C@@]2([H])[C@@](CCC(O)C(C)(OC)C)([H])C	KU006-17-4	OKZNRKQUSA	LIILIPZHPPPYFU	C21H32O5				
332.198759376	InChI=1S/C20H28O4/c1-11(2)17(21)8-6-12(3)15-7-5-13(4)19-16(15)9-14(20(23)24)10-18(19)22/h9-10,12-13,15,17,21-22H,1,5-8H2,2-4H3,(H,23,24)/t12-,13+,15-,17?/m0/s1	OC1=CC(C(O)=O)=CC2=C1[C@H](C)CC[C@@]2([H])[C@@](CCC(O)C(C)=C)([H])C	KU006-17-5	AHICOJMPSA	OCYCBBRRPFXCKS	C20H28O4				
332.198759376	InChI=1S/C20H28O4/c1-11(2)17(21)8-6-12(3)15-7-5-13(4)19-16(15)9-14(20(23)24)10-18(19)22/h9-10,12-13,15,17,21-22H,1,5-8H2,2-4H3,(H,23,24)/t12-,13+,15-,17?/m0/s1	OC1=CC(C(O)=O)=CC2=C1[C@H](C)CC[C@@]2([H])[C@@](CCC(O)C(C)=C)([H])C	KU006-17-6	AHICOJMPSA	OCYCBBRRPFXCKS	C20H28O4				
336.193673996	InChI=1S/C19H28O5/c1-11(6-8-17(23-3)24-4)14-7-5-12(2)18-15(14)9-13(19(21)22)10-16(18)20/h9-12,14,17,20H,5-8H2,1-4H3,(H,21,22)/t11-,12+,14-/m0/s1	OC1=CC(C(O)=O)=CC2=C1[C@H](C)CC[C@@]2([H])[C@@](CCC(OC)OC)([H])C	KU006-17-7	SCRDCRAPSA	BFCMUPDPNVZKJS	C19H28O5				
314.188194692	InChI=1S/C20H26O3/c1-10(2)7-13-8-12(4)14-6-5-11(3)17-16(21)9-15(20(22)23)18(13)19(14)17/h7,9,11-14,21H,5-6,8H2,1-4H3,(H,22,23)/t11-,12+,13-,14+/m1/s1	C[C@@H]1[C@@](CC[C@H]2C)([H])C3=C2C(O)=CC(C(O)=O)=C3[C@H](C=C(C)C)C1	KU006-17-8	RQJABVFESA	DHRIKXYYWQLEMP	C20H26O3				
316.20384475599997	InChI=1S/C20H28O3/c1-13(12-21)5-4-6-14(2)17-9-7-15(3)18-10-8-16(20(22)23)11-19(17)18/h5,8,10-11,14-15,17,21H,4,6-7,9,12H2,1-3H3,(H,22,23)/b13-5+/t14-,15+,17-/m0/s1	OC(C1=CC([C@@]([C@@](CC/C=C(CO)\C)([H])C)([H])CC[C@H]2C)=C2C=C1)=O	KU006-17-9-1	AMWFOUQDSA	ASLLTPUQYLADFR	C20H28O3				
360.1936739959999	InChI=1S/C21H28O5/c1-12(6-5-7-14(3)21(25)26-4)16-9-8-13(2)19-17(16)10-15(20(23)24)11-18(19)22/h7,10-13,16,22H,5-6,8-9H2,1-4H3,(H,23,24)/b14-7-/t12-,13+,16-/m0/s1	OC1=CC(C(O)=O)=CC2=C1[C@H](C)CC[C@@]2([H])[C@@](CC/C=C(C)\C(OC)=O)([H])C	KU006-17-9-2	RZZYQCPZSA	CIOTYZFASUOYQU	C21H28O5				
316.20384475599997	InChI=1S/C20H28O3/c1-12(2)6-5-7-13(3)16-9-8-14(4)19-17(16)10-15(20(22)23)11-18(19)21/h6,10-11,13-14,16,21H,5,7-9H2,1-4H3,(H,22,23)/t13-,14+,16-/m0/s1	OC1=CC(C(O)=O)=CC2=C1[C@H](C)CC[C@@]2([H])[C@@](CCC=C(C)C)([H])C	KU006-17-14	LZWOXQAQSA	CKNOKJMGWBUQGL	C20H28O3				
508.1580763359999	InChI=1S/C24H28O12/c25-10-13-15(27)16(28)17(29)21(34-13)35-22-18-23(31,8-9-32-22)19(30)20-24(18,36-20)11-33-14(26)7-6-12-4-2-1-3-5-12/h1-9,13,15-22,25,27-31H,10-11H2/b7-6+/t13-,15-,16+,17-,18-,19-,20+,21+,22+,23?,24-/m0/s1	O[C@@H]1C2(O)[C@@]([C@@H](O[C@H]3O[C@@H](CO)[C@H](O)[C@@H](O)[C@@H]3O)OC=C2)([H])[C@@]4(COC(/C=C/C5=CC=CC=C5)=O)[C@@H]1O4	KU030-2	PJVZIQMOSA	WSECWTQEYGSNTA	C24H28O12				
492.16316171599993	InChI=1S/C24H28O11/c25-10-14-18(28)19(29)20(30)23(33-14)34-22-16-13(8-9-31-22)17(27)21-24(16,35-21)11-32-15(26)7-6-12-4-2-1-3-5-12/h1-9,13-14,16-23,25,27-30H,10-11H2/b7-6+/t13?,14-,16?,17?,18-,19+,20-,21?,22?,23+,24?/m0/s1	OC1C2C(C(O[C@H]3O[C@@H](CO)[C@H](O)[C@@H](O)[C@@H]3O)OC=C2)C4(COC(/C=C/C5=CC=CC=C5)=O)C1O4	KU030-3	CVZOQTRDSA	SCIGYBYAZUFDLA	C24H28O11				
294.183109312	InChI=1S/C17H26O4/c1-3-4-5-6-7-8-9-11-16(14-21-15(2)18)12-10-13-17(19)20/h9-13H,3-8,14H2,1-2H3,(H,19,20)/b11-9+,13-10+,16-12-	OC(/C=C/C=C(/C=C/CCCCCCC)COC(C)=O)=O	KU030-14	NABZSAIOSA	JTDBVAYGXJVBEC	C17H26O4				
624.2054204519999	InChI=1S/C29H36O15/c1-13-22(36)23(37)24(38)29(41-13)44-27-25(39)28(40-9-8-15-3-6-17(32)19(34)11-15)42-20(12-30)26(27)43-21(35)7-4-14-2-5-16(31)18(33)10-14/h2-7,10-11,13,20,22-34,36-39H,8-9,12H2,1H3/b7-4+/t13-,20+,22-,23+,24+,25+,26+,27+,28+,29-/m0/s1	O[C@@H]1[C@@H](O[C@H]2[C@H](O)[C@H](O)[C@@H](O)[C@H](C)O2)[C@H](OC(/C=C/C3=CC(O)=C(O)C=C3)=O)[C@@H](CO)O[C@H]1OCCC4=CC=C(O)C(O)=C4	KU036-2	ZLSOWSIRSA	FBSKJMQYURKNSU	C29H36O15				
624.2054204519999	InChI=1S/C29H36O15/c1-13-22(35)24(37)25(38)29(42-13)44-27-23(36)20(12-41-21(34)7-4-14-2-5-16(30)18(32)10-14)43-28(26(27)39)40-9-8-15-3-6-17(31)19(33)11-15/h2-7,10-11,13,20,22-33,35-39H,8-9,12H2,1H3/b7-4+/t13-,20+,22-,23+,24+,25+,26+,27-,28+,29-/m0/s1	O[C@@H]1[C@@H](COC(/C=C/C2=CC(O)=C(O)C=C2)=O)O[C@@H](OCCC3=CC=C(O)C(O)=C3)[C@H](O)[C@H]1O[C@H]4[C@H](O)[C@H](O)[C@@H](O)[C@H](C)O4	KU036-3-1	QEOJJFGVSA	FNMHEHXNBNCPCI	C29H36O15				
348.193673996	InChI=1S/C20H28O5/c1-11(5-7-17(22)13(3)10-21)15-6-4-12(2)19-16(15)8-14(20(24)25)9-18(19)23/h8-9,11-12,15,17,21-23H,3-7,10H2,1-2H3,(H,24,25)/t11-,12+,15-,17?/m0/s1	OC1=CC(C(O)=O)=CC2=C1[C@H](C)CC[C@@]2([H])[C@@](CCC(O)C(CO)=C)([H])C	KU036-4-5a-b	KLEKCWPYSA	QUFNQUVOPIMKLO	C20H28O5				
342.14672380399986	InChI=1S/C20H22O5/c1-10(8-21)5-4-6-13-9-25-20-12(3)18(23)19(24)15-11(2)7-14(22)16(13)17(15)20/h5,7,13,21-22H,4,6,8-9H2,1-3H3/b10-5+	CC1=C2C3=C(C(CC/C=C(CO)\C)CO2)C(O)=CC(C)=C3C(C1=O)=O	KU036-4-9	BJMVGYQFSA	ULDJOZZAQQVFGY	C20H22O5				
342.14672380399986	InChI=1S/C20H22O5/c1-10(8-21)5-4-6-13-9-25-20-12(3)18(23)19(24)15-11(2)7-14(22)16(13)17(15)20/h5,7,13,21-22H,4,6,8-9H2,1-3H3/b10-5-	CC1=C2C3=C(C(CC/C=C(C)\CO)CO2)C(O)=CC(C)=C3C(C1=O)=O	KU036-4-10	YHYXMXQVSA	ULDJOZZAQQVFGY	C20H22O5				
248.104858992	InChI=1S/C14H16O4/c1-8-3-4-12(16)11-5-10(7-18-9(2)15)6-13(17)14(8)11/h5-6,8,17H,3-4,7H2,1-2H3/t8-/m1/s1	OC1=C([C@H](C)CC2)C(C2=O)=CC(COC(C)=O)=C1	KU036-4-2	MRVPVSSYSA	WQQIDSWNOXOJAX	C14H16O4				
278.151809184	InChI=1S/C16H22O4/c1-9(5-6-17)12-4-3-10(2)15-13(12)7-11(16(19)20)8-14(15)18/h7-10,12,17-18H,3-6H2,1-2H3,(H,19,20)/t9-,10+,12-/m0/s1	OC1=C2C([C@@]([C@@](CCO)([H])C)([H])CC[C@H]2C)=CC(C(O)=O)=C1	KU036-4-3	UMNHJUIQSA	VBYKDXNTIBDRNW	C16H22O4				
334.21440943999994	InChI=1S/C20H30O4/c1-13(4-3-5-15(10-21)11-22)17-7-6-14(2)20-18(17)8-16(12-23)9-19(20)24/h5,8-9,13-14,17,21-24H,3-4,6-7,10-12H2,1-2H3/t13-,14+,17-/m0/s1	OC1=CC(CO)=CC2=C1[C@H](C)CC[C@@]2([H])[C@@](CCC=C(CO)CO)([H])C	KU036-4-4	VBQJREDUSA	VSVLGMOAZFHNOU	C20H30O4				
348.1936739959999	InChI=1S/C20H28O5/c1-12(4-3-5-14(10-21)11-22)16-7-6-13(2)19-17(16)8-15(20(24)25)9-18(19)23/h5,8-9,12-13,16,21-23H,3-4,6-7,10-11H2,1-2H3,(H,24,25)/t12-,13+,16-/m0/s1	OC1=CC(C(O)=O)=CC2=C1[C@H](C)CC[C@@]2([H])[C@@](CCC=C(CO)CO)([H])C	KU036-5	ZENOOKHLSA	QVNSZMWPDPTSQS	C20H28O5				
314.079038168	InChI=1S/C17H14O6/c1-21-14-8-13-15(16(20)17(14)22-2)11(19)7-12(23-13)9-3-5-10(18)6-4-9/h3-8,18,20H,1-2H3	O=C1C2=C(O)C(OC)=C(OC)C=C2OC(C3=CC=C(O)C=C3)=C1	KU036-6-1	UHFFFAOYSA	ZIIAJIWLQUVGHB	C17H14O6	Organic compounds	Phenylpropanoids and polyketides	Flavonoids	O-methylated flavonoids
316.167459248	InChI=1S/C19H24O4/c1-11(5-4-6-13(3)20)15-8-7-12(2)18-16(15)9-14(19(22)23)10-17(18)21/h4,6,9-12,15,21H,5,7-8H2,1-3H3,(H,22,23)/b6-4+/t11-,12+,15-/m0/s1	O=C(O)C1=CC(O)=C2C([C@@]([C@@](C/C=C/C(C)=O)([H])C)([H])CC[C@H]2C)=C1	KU036-6-2-1a	SJGITPTOSA	XWVQZBKEBNACJR	C19H24O4				
290.151809184	InChI=1S/C17H22O4/c1-10(4-3-7-18)13-6-5-11(2)16-14(13)8-12(17(20)21)9-15(16)19/h7-11,13,19H,3-6H2,1-2H3,(H,20,21)/t10-,11+,13-/m0/s1	O=C(O)C1=CC(O)=C2C([C@@]([C@@](CCC=O)([H])C)([H])CC[C@H]2C)=C1	KU036-6-4-6	LOWVWBTDSA	WGIQBOFATIABOV	C17H22O4				
336.1936739960001	InChI=1S/C19H28O5/c1-11(6-8-17(23-3)24-4)14-7-5-12(2)18-15(14)9-13(19(21)22)10-16(18)20/h9-12,14,17,20H,5-8H2,1-4H3,(H,21,22)/t11-,12+,14-/m0/s1	O=C(O)C1=CC(O)=C2C([C@@]([C@@](CCC(OC)OC)([H])C)([H])CC[C@H]2C)=C1	KU036-6-7-1_7-2	SCRDCRAPSA	BFCMUPDPNVZKJS	C19H28O5				
322.250794948	InChI=1S/C20H34O3/c1-14(5-4-6-17(12-21)13-22)18-8-7-16(3)20(18)10-9-15(2)19(23)11-20/h6,9,14,16,18-19,21-23H,4-5,7-8,10-13H2,1-3H3/t14-,16-,18+,19-,20-/m0/s1	CC1=CC[C@]2([C@]([C@@](CCC=C(CO)CO)([H])C)([H])CC[C@@H]2C)C[C@@H]1O	KU036-6-5	DTFGETORSA	NRLHKHOATMFLMM	C20H34O3				
318.21949482	InChI=1S/C20H30O3/c1-13(11-21)5-4-6-14(2)17-8-7-15(3)20-18(17)9-16(12-22)10-19(20)23/h5,9-10,14-15,17,21-23H,4,6-8,11-12H2,1-3H3/b13-5-/t14-,15+,17-/m0/s1	OC1=CC(CO)=CC2=C1[C@H](C)CC[C@@]2([H])[C@@](CC/C=C(C)\CO)([H])C	KU036-6-6-1	ZDVIMMQGSA	PZGVZDSULIQKDB	C20H30O3				
332.198759376	InChI=1S/C20H28O4/c1-11(2)17(21)8-6-12(3)15-7-5-13(4)19-16(15)9-14(20(23)24)10-18(19)22/h9-10,12-13,15,17,21-22H,1,5-8H2,2-4H3,(H,23,24)/t12-,13+,15-,17?/m0/s1	OC1=CC(C(O)=O)=CC2=C1[C@H](C)CC[C@@]2([H])[C@@](CCC(O)C(C)=C)([H])C	KU036-6-6-2	AHICOJMPSA	OCYCBBRRPFXCKS	C20H28O4				
314.188194692	InChI=1S/C20H26O3/c1-10(2)7-13-8-12(4)14-6-5-11(3)17-16(21)9-15(20(22)23)18(13)19(14)17/h7,9,11-14,21H,5-6,8H2,1-4H3,(H,22,23)/t11-,12+,13-,14+/m1/s1	C[C@@H](C[C@H]1C=C(C)C)[C@@]2([H])C3=C1C(C(O)=O)=CC(O)=C3[C@H](C)CC2	KU036-6-8	RQJABVFESA	DHRIKXYYWQLEMP	C20H26O3				
332.19875937599994	InChI=1S/C20H28O4/c1-12(11-21)5-4-6-13(2)16-8-7-14(3)19-17(16)9-15(20(23)24)10-18(19)22/h5,9-10,13-14,16,21-22H,4,6-8,11H2,1-3H3,(H,23,24)/b12-5-/t13-,14+,16-/m0/s1	OC1=CC(C(O)=O)=CC2=C1[C@H](C)CC[C@@]2([H])[C@@](CC/C=C(C)\CO)([H])C	KU036-7	OFRWJVFSSA	NXCRMGUYKIJISM	C20H28O4	Organic compounds	Lipids and lipid-like molecules	Prenol lipids	Diterpenoids
332.19875937599994	InChI=1S/C20H28O4/c1-12(11-21)5-4-6-13(2)16-8-7-14(3)19-17(16)9-15(20(23)24)10-18(19)22/h5,9-10,13-14,16,21-22H,4,6-8,11H2,1-3H3,(H,23,24)/b12-5+/t13-,14+,16-/m0/s1	OC1=CC(C(O)=O)=CC2=C1[C@H](C)CC[C@@]2([H])[C@@](CC/C=C(CO)\C)([H])C	KU036-8	RBYVDDFWSA	NXCRMGUYKIJISM	C20H28O4				
330.18310931199994	InChI=1S/C20H26O4/c1-12(11-21)5-4-6-13(2)16-8-7-14(3)19-17(16)9-15(20(23)24)10-18(19)22/h5,9-11,13-14,16,22H,4,6-8H2,1-3H3,(H,23,24)/b12-5+/t13-,14+,16-/m0/s1	O=C(O)C1=CC([C@@]([C@@](CC/C=C(C=O)\C)([H])C)([H])CC[C@H]2C)=C2C(O)=C1	KU036-9-1a	RBYVDDFWSA	YBJRYURJRZXQEU	C20H26O4				
320.235144884	InChI=1S/C20H32O3/c1-13(6-5-7-15(3)19(22)23)17-9-8-16(4)20(17)11-10-14(2)18(21)12-20/h7,10,13,16-18,21H,5-6,8-9,11-12H2,1-4H3,(H,22,23)/b15-7+/t13-,16-,17+,18-,20-/m0/s1	CC1=CC[C@]2([C@]([C@@](CC/C=C(C)/C(O)=O)([H])C)([H])CC[C@@H]2C)C[C@@H]1O	KU036-9-2a	CPCHLZPUSA	NCGFVCSHBVQLHK	C20H32O3				
316.20384475599997	InChI=1S/C20H28O3/c1-12(2)6-5-7-13(3)17-11-19(21)14(4)16-9-8-15(20(22)23)10-18(16)17/h6,8-10,13-14,17,19,21H,5,7,11H2,1-4H3,(H,22,23)/t13-,14-,17-,19-/m0/s1	O=C(O)C1=CC([C@@]([C@@](CCC=C(C)C)([H])C)([H])C[C@H](O)[C@H]2C)=C2C=C1	KU036-9-3	IPQUUHLSSA	UACOSSPYOFGUGA	C20H28O3				
334.21440943999994	InChI=1S/C20H30O4/c1-12(11-21)5-4-6-13(2)16-8-7-14(3)19-17(16)9-15(20(23)24)10-18(19)22/h9-10,12-14,16,21-22H,4-8,11H2,1-3H3,(H,23,24)/t12?,13-,14+,16-/m0/s1	OC1=CC(C(O)=O)=CC2=C1[C@H](C)CC[C@@]2([H])[C@@](CCCC(CO)C)([H])C	KU036-9-4	HUORLRHWSA	JRPWTYGKVNMSIR	C20H30O4				
314.188194692	InChI=1S/C20H26O3/c1-10-5-7-13-17-16-12(10)6-4-11(2)15(16)14(21)8-20(17)18(22)23-9-19(13,20)3/h10-13,17H,4-9H2,1-3H3/t10-,11+,12?,13?,17?,19-,20?/m0/s1	O=C(CC12C3C4[C@]1(C)COC2=O)C5=C3C([C@@H](C)CC4)CC[C@H]5C	KU036-9-5-3	DBNWCTBDSA	ZSURYMKGUDANJV	C20H26O3				
524.2410181119999	InChI=1S/C30H36O8/c1-18(23-10-7-19(2)29-24(23)14-22(30(35)36)15-26(29)33)5-4-6-21(16-31)17-38-28(34)12-9-20-8-11-25(32)27(13-20)37-3/h6,8-9,11-15,18-19,23,31-33H,4-5,7,10,16-17H2,1-3H3,(H,35,36)/b12-9+,21-6+/t18-,19+,23-/m0/s1	OC1=CC(C(O)=O)=CC2=C1[C@H](C)CC[C@@]2([H])[C@@](CC/C=C(COC(/C=C/C3=CC(OC)=C(O)C=C3)=O)\CO)([H])C	KU036-9-6	YXRFNAPQSA	SJBIQWPGDXXURT	C30H36O8				
316.20384475599997	InChI=1S/C20H28O3/c1-13(12-21)5-4-6-14(2)17-9-7-15(3)18-10-8-16(20(22)23)11-19(17)18/h5,8,10-11,14-15,17,21H,4,6-7,9,12H2,1-3H3,(H,22,23)/b13-5-/t14-,15+,17-/m0/s1	O=C(O)C1=CC([C@@]([C@@](CC/C=C(C)\CO)([H])C)([H])CC[C@H]2C)=C2C=C1	KU036-9-3a	ZDVIMMQGSA	ASLLTPUQYLADFR	C20H28O3				
306.255880328	InChI=1S/C20H34O2/c1-14(13-21)6-5-7-15(2)18-9-8-17(4)20(18)11-10-16(3)19(22)12-20/h6,10,15,17-19,21-22H,5,7-9,11-13H2,1-4H3/b14-6-/t15-,17-,18+,19-,20-/m0/s1	CC1=CC[C@]2([C@]([C@@](CC/C=C(C)\CO)([H])C)([H])CC[C@@H]2C)C[C@@H]1O	KU036-10	ZECMHSIISA	JBDGZKVMZJQSNZ	C20H34O2				
304.240230264	InChI=1S/C20H32O2/c1-14(13-21)6-5-7-15(2)18-9-8-17(4)20(18)11-10-16(3)19(22)12-20/h6,10,15,17-18,21H,5,7-9,11-13H2,1-4H3/b14-6-/t15-,17-,18+,20-/m0/s1	CC1=CC[C@]2([C@]([C@@](CC/C=C(C)\CO)([H])C)([H])CC[C@@H]2C)CC1=O	KU036-10-2	HZXVRJMWSA	GOZGJKYUKRWFOO	C20H32O2				
302.2245802	InChI=1S/C20H30O2/c1-13(2)6-5-7-14(3)17-9-8-15(4)20-18(17)10-16(12-21)11-19(20)22/h6,10-11,14-15,17,21-22H,5,7-9,12H2,1-4H3/t14-,15+,17-/m0/s1	OC1=CC(CO)=CC2=C1[C@H](C)CC[C@@]2([H])[C@@](CCC=C(C)C)([H])C	KU036-11-1-1	UXLLHSPISA	IYEASKNQCFYZNW	C20H30O2				
304.240230264	InChI=1S/C20H32O2/c1-14(13-21)6-5-7-15(2)18-9-8-17(4)20(18)11-10-16(3)19(22)12-20/h6,10,13,15,17-19,22H,5,7-9,11-12H2,1-4H3/b14-6-/t15-,17-,18+,19-,20-/m0/s1	CC1=CC[C@]2([C@]([C@@](CC/C=C(C)\C=O)([H])C)([H])CC[C@@H]2C)C[C@@H]1O	KU036-11-2-1	ZECMHSIISA	JWWGJCYJMFMMOZ	C20H32O2				
326.15180918399994	InChI=1S/C20H22O4/c1-10(2)6-5-7-13-9-24-20-12(4)18(22)19(23)15-11(3)8-14(21)16(13)17(15)20/h6,8,13,21H,5,7,9H2,1-4H3	CC1=C2C3=C(C(CCC=C(C)C)CO2)C(O)=CC(C)=C3C(C1=O)=O	KU036-11-3-1	UHFFFAOYSA	BVABFVSPBORVFH	C20H22O4				
508.246103492	InChI=1S/C30H36O7/c1-18(17-37-28(33)13-10-21-9-12-25(31)27(14-21)36-4)6-5-7-19(2)23-11-8-20(3)29-24(23)15-22(30(34)35)16-26(29)32/h6,9-10,12-16,19-20,23,31-32H,5,7-8,11,17H2,1-4H3,(H,34,35)/b13-10-,18-6-/t19-,20+,23-/m0/s1	OC1=CC(C(O)=O)=CC2=C1[C@H](C)CC[C@@]2([H])[C@](C)([H])CC/C=C(C)\COC(/C=C\C3=CC=C(O)C(OC)=C3)=O	KU036-11-3-2	DATKODIRSA	UQWXAEVMTJFVFA	C30H36O7				
508.246103492	InChI=1S/C30H36O7/c1-18(17-37-28(33)13-10-21-9-12-25(31)27(14-21)36-4)6-5-7-19(2)23-11-8-20(3)29-24(23)15-22(30(34)35)16-26(29)32/h6,9-10,12-16,19-20,23,31-32H,5,7-8,11,17H2,1-4H3,(H,34,35)/b13-10-,18-6+/t19-,20+,23-/m0/s1	OC1=CC(C(O)=O)=CC2=C1[C@H](C)CC[C@@]2([H])[C@](C)([H])CC/C=C(COC(/C=C\C3=CC=C(O)C(OC)=C3)=O)\C	KU036-11-4	OHQWPDPXSA	UQWXAEVMTJFVFA	C30H36O7				
508.246103492	InChI=1S/C30H36O7/c1-18(17-37-28(33)13-10-21-9-12-25(31)27(14-21)36-4)6-5-7-19(2)23-11-8-20(3)29-24(23)15-22(30(34)35)16-26(29)32/h6,9-10,12-16,19-20,23,31-32H,5,7-8,11,17H2,1-4H3,(H,34,35)/b13-10+,18-6-/t19-,20+,23-/m0/s1	OC1=CC(C(O)=O)=CC2=C1[C@H](C)CC[C@@]2([H])[C@](C)([H])CC/C=C(C)\COC(/C=C/C3=CC(OC)=C(O)C=C3)=O	KU036-11-5	LAZICMRDSA	UQWXAEVMTJFVFA	C30H36O7				
508.246103492	InChI=1S/C30H36O7/c1-18(17-37-28(33)13-10-21-9-12-25(31)27(14-21)36-4)6-5-7-19(2)23-11-8-20(3)29-24(23)15-22(30(34)35)16-26(29)32/h6,9-10,12-16,19-20,23,31-32H,5,7-8,11,17H2,1-4H3,(H,34,35)/b13-10+,18-6+/t19-,20+,23-/m0/s1	OC1=CC(C(O)=O)=CC2=C1[C@H](C)CC[C@@]2([H])[C@@](CC/C=C(COC(/C=C/C3=CC(OC)=C(O)C=C3)=O)\C)([H])C	KU036-11-6	CMARXEHPSA	UQWXAEVMTJFVFA	C30H36O7				
510.2617535559999	InChI=1S/C30H38O7/c1-18(17-37-28(33)13-10-21-9-12-25(31)27(14-21)36-4)6-5-7-19(2)23-11-8-20(3)29-24(23)15-22(30(34)35)16-26(29)32/h9-10,12-16,18-20,23,31-32H,5-8,11,17H2,1-4H3,(H,34,35)/b13-10+/t18?,19-,20+,23-/m0/s1	OC1=CC(C(O)=O)=CC2=C1[C@H](C)CC[C@@]2([H])[C@@](CCCC(COC(/C=C/C3=CC(OC)=C(O)C=C3)=O)C)([H])C	KU036-11-7	YSECXMBVSA	MGDMYIGOCQPAPQ	C30H38O7				
316.20384475599997	InChI=1S/C20H28O3/c1-12(2)6-5-7-13(3)16-9-8-14(4)19-17(16)10-15(20(22)23)11-18(19)21/h6,10-11,13-14,16,21H,5,7-9H2,1-4H3,(H,22,23)/t13-,14+,16-/m0/s1	OC1=CC(C(O)=O)=CC2=C1[C@H](C)CC[C@@]2([H])[C@@](CCC=C(C)C)([H])C	KU036-12	LZWOXQAQSA	CKNOKJMGWBUQGL	C20H28O3				
300.208930136	InChI=1S/C20H28O2/c1-13(2)6-5-7-14(3)17-10-8-15(4)18-11-9-16(20(21)22)12-19(17)18/h6,9,11-12,14-15,17H,5,7-8,10H2,1-4H3,(H,21,22)/t14-,15+,17-/m0/s1	O=C(O)C1=CC([C@@]([C@@](CCC=C(C)C)([H])C)([H])CC[C@H]2C)=C2C=C1	KU036-15	UXLLHSPISA	ODZQBEPDXUFJRX	C20H28O2				
